No.,Business Unit,Card Code,Card Name,Email,Password,Universal Card Code,Credit Limit,Group,Territory,Class,Created Date
1801,NTMC,C11627,EDY TIRE TRADING,01219@mailinator.com,1219,1219,0,MANILA,LAGUNA,-,2-Jan-20
1802,NTMC,C11629,"MANCERA STORE & HARDWARE SUPPLY, INC.",02613@mailinator.com,2613,2613,300000,TACLOBAN,TACLOBAN CITY,-,2-Jan-20
1803,NTMC,C11631,ANGEL ONE MARKETING,00297@mailinator.com,297,297,50000,ILOILO,ILOILO CITY,REGULAR,2-Jan-20
1804,NTMC,C11594,PAULSEN ENTERPRISES,03202@mailinator.com,3202,3202,200000,CEBU,MANDAUE CITY,REGULAR,2-Jan-20
1805,NTMC,C11566,SHAR'S OILS & SUPPLIES,03879@mailinator.com,3879,3879,100000,BACOLOD,BACOLOD CITY,REGULAR,2-Jan-20
1806,NTMC,C11571,HARTZ ON WHEELS AUTO CARE CENTER,01722@mailinator.com,1722,1722,60000,ILOILO,ILOILO CITY,REGULAR,2-Jan-20
1807,NTMC,C11591,JASON TIMARIO,01992@mailinator.com,1992,1992,50000,BOHOL,UBAY,-,2-Jan-20
1808,NTMC,C11600,YUXEN LINES,04525@mailinator.com,4525,4525,0,BACOLOD,BACOLOD CITY,-,2-Jan-20
1809,NTMC,C11605,FF CRUZ SHIPPING CORPORATION,01413@mailinator.com,1413,1413,200000,ILOILO,ILOILO CITY,REGULAR,2-Jan-20
1810,NTMC,C11607,BSA MOTOR PARTS MARKETING,00636@mailinator.com,636,636,150000,CEBU,CEBU CITY,REGULAR,2-Jan-20
1811,NTMC,C11601,TOYOTA MOTOR PHILIPPINES CORPORATION,04233@mailinator.com,4233,4233,800000,MANILA,PADRE GARCIA,REGULAR,2-Jan-20
1812,NTMC,C11583,MINERVA GOLDRICH TIRE CORPORATION,02805@mailinator.com,2805,2805,2000000,MANILA,BATANGAS,REGULAR,2-Jan-20
1813,NTMC,C11599,"HONDA CAR PHILIPPINES, INC",01783@mailinator.com,1783,1783,500000,MANILA,LAGUNA,REGULAR,2-Jan-20
1814,NTMC,C11556,MS TIRE & SERVICE CENTER,02897@mailinator.com,2897,2897,1650000,MANILA,BATANGAS,REGULAR,2-Jan-20
1815,NTMC,C11493,ASIATEMP GLASS CORPORATION,00393@mailinator.com,393,393,0,CEBU,MANDAUE CITY,REGULAR,2-Jan-20
1816,NTMC,C11503,CEBU HYDRAULIC HOSE SERVICE CENTER,00744@mailinator.com,744,744,0,CEBU,MANDAUE CITY,-,2-Jan-20
1817,NTMC,C11529,REDEMPTOR DACILLO,03491@mailinator.com,3491,3491,0,CEBU,BOGO CITY,REGULAR,2-Jan-20
1818,NTMC,C11537,ROYCE RACING ENTERPRISES,03706@mailinator.com,3706,3706,50000,ILOILO,ILOILO CITY,REGULAR,2-Jan-20
1819,NTMC,C11541,MICHELIN ASIA (SINGAPORE) CO.PTE.LTD.,02788@mailinator.com,2788,2788,50000,MANILA,MUNTINLUPA,-,2-Jan-20
1820,NTMC,C11545,B.M. MARKETING,00453@mailinator.com,453,453,200000,TACLOBAN,TACLOBAN CITY,REGULAR,2-Jan-20
1821,NTMC,C11545A,B.M. MARKETING - CEBU,00455@mailinator.com,455,455,0,CEBU,MANDAUE CITY,REGULAR,2-Jan-20
1822,NTMC,C11554,R2 KIDS HOME BUILDERS & CONSTRUCTION SUPPLY,03411@mailinator.com,3411,3411,50000,BOHOL,TAGBILARAN CITY,REGULAR,2-Jan-20
1823,NTMC,C11561,J.T. MORALES PREMA FABRICATORS,01935@mailinator.com,1935,1935,0,CEBU,MANDAUE CITY,REGULAR,2-Jan-20
1824,NTMC,C11528,GOMAR TRADING,01650@mailinator.com,1650,1650,5000000,MANILA,BATANGAS,REGULAR,2-Jan-20
1825,NTMC,C11398,ASIAN ALCOHOL CORPORATION,00389@mailinator.com,389,389,500000,BACOLOD,BACOLOD CITY,-,2-Jan-20
1826,NTMC,C11406A,SOLID CEMENT CORPORATION,03955@mailinator.com,3955,3955,1000000,MANILA,MAKATI,REGULAR,2-Jan-20
1827,NTMC,C11436,MO'S GEAR ENTERPRISES,02854@mailinator.com,2854,2854,50000,TACLOBAN,TACLOBAN CITY,-,2-Jan-20
1828,NTMC,C11448,LYNDEL GRADO,02544@mailinator.com,2544,2544,0,BOHOL,BOHOL PROVINCE,-,2-Jan-20
1829,NTMC,C11455,LIFEBORD'Z MOTORCYCLE PARTS AND ACCESSORIES CENTER,02491@mailinator.com,2491,2491,1000000,CEBU,CEBU CITY,REGULAR,2-Jan-20
1830,NTMC,C11455A,SAPPHIRE'S MARKETING,03835@mailinator.com,3835,3835,0,CEBU,CEBU CITY,REGULAR,2-Jan-20
1831,NTMC,C11467,CELCIUS MERCHANDISING & AUTO PART SUPPLY,00770@mailinator.com,770,770,2500000,MANILA,PILA,REGULAR,2-Jan-20
1832,NTMC,C11470,"MANDAUE FOAM IND., INC.",02617@mailinator.com,2617,2617,300000,ILOILO,ILOILO CITY,-,2-Jan-20
1833,NTMC,C11486,"DALUBES MARKETING, INC.",00988@mailinator.com,988,988,0,BACOLOD,BACOLOD CITY,-,2-Jan-20
1834,NTMC,C11488,"MABUHAY FILCEMENT, INC.",02572@mailinator.com,2572,2572,700000,CEBU,SAN FERNANDO,REGULAR,2-Jan-20
1835,NTMC,C11313,WEIKA MOTOR PARTS AND ELECTRICAL MARKETING,04431@mailinator.com,4431,4431,100000,ILOILO,ROXAS CITY,REGULAR,2-Jan-20
1836,NTMC,C11327,NORTHWAY TYRE CENTRE,03068@mailinator.com,3068,3068,350000,BOHOL,TAGBILARAN CITY,SILVER,2-Jan-20
1837,NTMC,C11337,KING ARTHUR BUILDERS,02357@mailinator.com,2357,2357,200000,TACLOBAN,MC ARTHUR,REGULAR,2-Jan-20
1838,NTMC,C11338,UNAJAN ENTERPRISES,04309@mailinator.com,4309,4309,80000,BOHOL,TAGBILARAN CITY,BRONZE,2-Jan-20
1839,NTMC,C11354,DMS CONSTRUCTION,01111@mailinator.com,1111,1111,400000,MANILA,TARLAC,REGULAR,2-Jan-20
1840,NTMC,C11371,MACTAN IW,02585@mailinator.com,2585,2585,50000,CEBU,MANDAUE CITY,-,2-Jan-20
1841,NTMC,C11371A,HALCYON TAXI,01709@mailinator.com,1709,1709,0,CEBU,CEBU CITY,REGULAR,2-Jan-20
1842,NTMC,C11380,RUSSEL RICARDEL,03746@mailinator.com,3746,3746,0,CEBU,CEBU CITY,-,2-Jan-20
1843,NTMC,C11386,PRECISION MACHINIST CORPORATION,03329@mailinator.com,3329,3329,200000,CEBU,CEBU CITY,REGULAR,2-Jan-20
1844,NTMC,C11386A,PRECISION FORMING CORPORATION,03326@mailinator.com,3326,3326,0,CEBU,MANDAUE CITY,REGULAR,2-Jan-20
1845,NTMC,C11390,"CEBU MOLD TECHNOLOGY, INC. (CMTI)",00753@mailinator.com,753,753,0,CEBU,LAPULAPU CITY,REGULAR,2-Jan-20
1846,NTMC,C11391,ACCUFORM INC.,00116@mailinator.com,116,116,0,CEBU,LAPULAPU CITY,REGULAR,2-Jan-20
1847,NTMC,C11193,JJ ENTERPRISES,02111@mailinator.com,2111,2111,50000,DUMAGUETE,BAYAWAN CITY,-,2-Jan-20
1848,NTMC,C11197A,F/B EDSA JADE,01366@mailinator.com,1366,1366,500000,ILOILO,ROXAS CITY,REGULAR,2-Jan-20
1849,NTMC,C11213,MEDARDO C. RASOLA,02719@mailinator.com,2719,2719,0,CEBU,CEBU CITY,-,2-Jan-20
1850,NTMC,C11217,MARIANNE VALLADORES - sample,02645@mailinator.com,2645,2645,0,CEBU,CEBU CITY,-,2-Jan-20
1851,NTMC,C11241,REX GURREA,03525@mailinator.com,3525,3525,0,CEBU,LAPULAPU CITY,-,2-Jan-20
1852,NTMC,C11257,"CEBUOGAWA PHILS., INC.",00765@mailinator.com,765,765,0,CEBU,LAPULAPU CITY,REGULAR,2-Jan-20
1853,NTMC,C11267,TCB AUTO PARTS MERCHANDISING,04126@mailinator.com,4126,4126,150000,BACOLOD,BACOLOD CITY,REGULAR,2-Jan-20
1854,NTMC,C11279B,SUNWEST CONSTRUCTION & DEVELOPMENT CORPORATION,04063@mailinator.com,4063,4063,1000000,MANILA,GENERAL TRIAS,REGULAR,2-Jan-20
1855,NTMC,C11309,JONIETERS ENTERPRISES,02205@mailinator.com,2205,2205,50000,BOHOL,TAGBILARAN CITY,REGULAR,2-Jan-20
1856,NTMC,C11261,"TMX PHILIPPINES, INC. (TMXPI)",04201@mailinator.com,4201,4201,250000,CEBU,LAPULAPU CITY,REGULAR,2-Jan-20
1857,NTMC,C11033,AUSTAL PHILIPPINES PTY LIMITED,00414@mailinator.com,414,414,1000000,CEBU,SAN TOMAS,REGULAR,2-Jan-20
1858,NTMC,C11034,FIVE-O AUTO PARTS,01437@mailinator.com,1437,1437,0,ILOILO,ILOILO CITY,REGULAR,2-Jan-20
1859,NTMC,C11056,JULIANA SY'S STORE,02271@mailinator.com,2271,2271,100000,CEBU,MANDAUE CITY,REGULAR,2-Jan-20
1860,NTMC,C11058,BAI TRADING,00469@mailinator.com,469,469,0,CEBU,MANDAUE CITY,REGULAR,2-Jan-20
1861,NTMC,C11068,ENTONG MOTORPARTS,01299@mailinator.com,1299,1299,0,DUMAGUETE,BAIS CITY,REGULAR,2-Jan-20
1862,NTMC,C11111,A AND L GAS STATION,00072@mailinator.com,72,72,50000,DUMAGUETE,DUMAGUETE CITY,-,2-Jan-20
1863,NTMC,C11136,S.E.A. OLYMPUS MARKETING INC.,03767@mailinator.com,3767,3767,300000,CEBU,CEBU CITY,-,2-Jan-20
1864,NTMC,C11137,WESTERN VISAYAS ALLIANCE COOPERATIVES,04446@mailinator.com,4446,4446,350000,ILOILO,ILOILO CITY,-,2-Jan-20
1865,NTMC,C11138,J P AUTO PARTS,01910@mailinator.com,1910,1910,150000,ILOILO,ILOILO CITY,REGULAR,2-Jan-20
1866,NTMC,C11173,RAMIR T. GALLARDO,03434@mailinator.com,3434,3434,0,ILOILO,ILOILO CITY,-,2-Jan-20
1867,NTMC,C11186,"LDL SUGAR FIELD, INC.",02459@mailinator.com,2459,2459,50000,BACOLOD,BACOLOD CITY,REGULAR,2-Jan-20
1868,NTMC,C10834,MATLUSTER CORPORATION,02684@mailinator.com,2684,2684,100000,CEBU,LAPULAPU CITY,REGULAR,2-Jan-20
1869,NTMC,C10849,"GOLDEN DRAGON FAST CRAFT BUILDERS, INC",01632@mailinator.com,1632,1632,0,CEBU,MANDAUE CITY,REGULAR,2-Jan-20
1870,NTMC,C10928,"BISCOM, INC.",00559@mailinator.com,559,559,500000,BACOLOD,KABANKALAN CITY,REGULAR,2-Jan-20
1871,NTMC,C10951,TOP GEAR MOTORCYCLE PARTS & ACCESSORIES,04218@mailinator.com,4218,4218,0,BOHOL,TAGBILARAN CITY,REGULAR,2-Jan-20
1872,NTMC,C10952,CHARMAINE TRUCKING AND HAULING SERVICES,00802@mailinator.com,802,802,50000,TACLOBAN,SUMULONG HIWAY,REGULAR,2-Jan-20
1873,NTMC,C11011,RM & N ENTERPRISES,03603@mailinator.com,3603,3603,300000,CEBU,CEBU CITY,REGULAR,2-Jan-20
1874,NTMC,C11026,YRJ ENGINEERING SERVICES,04522@mailinator.com,4522,4522,0,BACOLOD,BACOLOD CITY,-,2-Jan-20
1875,NTMC,C01850B,GOWIL BUILDER,01659@mailinator.com,1659,1659,200000,CEBU,CEBU CITY,REGULAR,2-Jan-20
1876,NTMC,C11032,TRIPLE 8 RESOURCES DEV'T. CORP.,04270@mailinator.com,4270,4270,300000,CEBU,SAN FERNANDO,REGULAR,2-Jan-20
1877,NTMC,C11024,"DRAKA PHILIPPINES, INC.",01135@mailinator.com,1135,1135,300000,CEBU,LAPULAPU CITY,REGULAR,2-Jan-20
1878,NTMC,C10739,TOP ENTERPRISES,04217@mailinator.com,4217,4217,100000,CEBU,CEBU CITY,REGULAR,2-Jan-20
1879,NTMC,C10740,ALCEDEDE CELLAN,00213@mailinator.com,213,213,0,BOHOL,TUBIGON,-,2-Jan-20
1880,NTMC,C10754,KEPCO SPC POWER CORPORATION,02342@mailinator.com,2342,2342,1500000,CEBU,NAGA,REGULAR,2-Jan-20
1881,NTMC,C10772,S & B CYCLE PARTS CENTER,03760@mailinator.com,3760,3760,60000,BOHOL,TAGBILARAN CITY,BRONZE,2-Jan-20
1882,NTMC,C10775,SPARKLING AQUA REFILLING STATION,03982@mailinator.com,3982,3982,15000,CEBU,CEBU CITY,REGULAR,2-Jan-20
1883,NTMC,C10778,EVER SYNERGY LOGISTIC CORP.,01334@mailinator.com,1334,1334,300000,CEBU,MANDAUE CITY,REGULAR,2-Jan-20
1884,NTMC,C10791,ROSS MICHAEL AGGREGATES,03697@mailinator.com,3697,3697,250000,TACLOBAN,SOGOD SO. LEYTE,-,2-Jan-20
1885,NTMC,C10791A,CEMIRORA ENTERPRISES,00777@mailinator.com,777,777,0,TACLOBAN,MAASIN CITY,-,2-Jan-20
1886,NTMC,C10791C,CEMIRORA HOUSING,00778@mailinator.com,778,778,0,TACLOBAN,TACLOBAN CITY,-,2-Jan-20
1887,NTMC,C10813,DHONG LEIGH MOTORPARTS,01073@mailinator.com,1073,1073,50000,BOHOL,TAGBILARAN CITY,REGULAR,2-Jan-20
1888,NTMC,C10754A,KEPCO ILIJAN CORPORATION (KEILCO),02341@mailinator.com,2341,2341,4000000,MANILA,BATANGAS,REGULAR,2-Jan-20
1889,NTMC,C10543,DYNAMIC TIRE TRADING,01163@mailinator.com,1163,1163,2000000,MANILA,CAVITE,-,2-Jan-20
1890,NTMC,C10594,RRCG TRANSPORT SYSTEM CO. INC.,03723@mailinator.com,3723,3723,0,MANILA,RIZAL,-,2-Jan-20
1891,NTMC,C10648,BUDIAWIS MARKETING,00644@mailinator.com,644,644,100000,ILOILO,ILOILO CITY,REGULAR,2-Jan-20
1892,NTMC,C10658,"DUMAGUETE COCONUT MILLS, INC.",01147@mailinator.com,1147,1147,300000,DUMAGUETE,DUMAGUETE CITY,REGULAR,2-Jan-20
1893,NTMC,C10658A,ALL NATURAL COCO PRODUCTS INC.,00230@mailinator.com,230,230,0,DUMAGUETE,DUMAGUETE CITY,REGULAR,2-Jan-20
1894,NTMC,C10658B,"DUMAGUETE SUY, INC.",01150@mailinator.com,1150,1150,0,DUMAGUETE,DUMAGUETE CITY,REGULAR,2-Jan-20
1895,NTMC,C10667,KNOTTICAL POWER ENERGY CORP.,02379@mailinator.com,2379,2379,240000,CEBU,LAPULAPU CITY,REGULAR,2-Jan-20
1896,NTMC,C10686,"RUREX FABRICATION & TRADING CO., INC. - CEBU",03744@mailinator.com,3744,3744,0,CEBU,MANDAUE CITY,REGULAR,2-Jan-20
1897,NTMC,C10696,"CEBU FORTUNE GAS, INC.",00739@mailinator.com,739,739,100000,CEBU,MANDAUE CITY,REGULAR,2-Jan-20
1898,NTMC,C10726,AMJ TAXI,00275@mailinator.com,275,275,100000,CEBU,CEBU CITY,REGULAR,2-Jan-20
1899,NTMC,C06934,RPS MERCHANDISING,03716@mailinator.com,3716,3716,0,TACLOBAN,TACLOBAN CITY,-,2-Jan-20
1900,NTMC,C09511,GEORGE O. CHUA,01574@mailinator.com,1574,1574,0,CEBU,CEBU CITY,-,2-Jan-20
1901,NTMC,C09921,FERNANDO P. FERNANDEZ,01412@mailinator.com,1412,1412,0,ILOILO,ILOILO CITY,-,2-Jan-20
1902,NTMC,C10227,MANDAUE TRUST MARKETING & AUTO SUPPLY,02620@mailinator.com,2620,2620,300000,CEBU,MANDAUE CITY,REGULAR,2-Jan-20
1903,NTMC,C10320,STEWART VILLANUEVA,04033@mailinator.com,4033,4033,0,CEBU,CEBU CITY,-,2-Jan-20
1904,NTMC,C10344,EDRICH TIRE SUPPLY & MARKETING,01212@mailinator.com,1212,1212,80000,TACLOBAN,BAYBAY,REGULAR,2-Jan-20
1905,NTMC,C10365C,RAMONA CONSTRUCTION -  DUMAGUETE,03437@mailinator.com,3437,3437,0,DUMAGUETE,DUMAGUETE CITY,REGULAR,2-Jan-20
1906,NTMC,C10397,NTJ GEN. MERCHANDISE,03080@mailinator.com,3080,3080,0,BOHOL,BOHOL PROVINCE,-,2-Jan-20
1907,NTMC,C09520,NISSHO SEIKEN PHILIPPINES CORP.,03036@mailinator.com,3036,3036,200000,CEBU,LAPULAPU CITY,REGULAR,2-Jan-20
1908,NTMC,C09524,JESSIE JAMES ALIGNO,02072@mailinator.com,2072,2072,0,DAVAO,CEBU CITY,NOT AVAILABLE,2-Jan-20
1909,NTMC,C10158,GUDA TIRE CENTER,00894@mailinator.com,894,894,4000000,MANILA,BATANGAS,REGULAR,2-Jan-20
1910,NTMC,C06792,KYM MDSE.,02401@mailinator.com,2401,2401,0,BACOLOD,VICTORIAS CITY,REGULAR,2-Jan-20
1911,NTMC,C06796,DRAGON HARDWARE,01133@mailinator.com,1133,1133,700000,TACLOBAN,SUMULONG HIWAY,REGULAR,2-Jan-20
1912,NTMC,C06846,SECURITY AUTO SUPPLY,03860@mailinator.com,3860,3860,0,CEBU,CEBU CITY,REGULAR,2-Jan-20
1913,NTMC,C06849,JERBERT CULGUE,02056@mailinator.com,2056,2056,50000,BOHOL,TAGBILARAN CITY,-,2-Jan-20
1914,NTMC,C06873,TAIYO YUDEN (PHILIPPINES) INC.,04106@mailinator.com,4106,4106,300000,CEBU,LAPULAPU CITY,REGULAR,2-Jan-20
1915,NTMC,C06883,FULL SPEED RACING PARTS & ACCESSORIES,01487@mailinator.com,1487,1487,20000,CEBU,CARCAR CITY,REGULAR,2-Jan-20
1916,NTMC,C06906,PLAS ENTERPRISES AND ENGINEERING SERVICES,03284@mailinator.com,3284,3284,1000000,CEBU,CEBU CITY,REGULAR,2-Jan-20
1917,NTMC,C06909,JME CAR AIRCON AND MOTOR SERVICES,02139@mailinator.com,2139,2139,300000,BACOLOD,BACOLOD CITY,REGULAR,2-Jan-20
1918,NTMC,C06911,JOMARY STORE AND ELECTRONICS,02198@mailinator.com,2198,2198,15000,TACLOBAN,BAYBAY,-,2-Jan-20
1919,NTMC,C06923,SPEED HUB CYCLE HAUS,03985@mailinator.com,3985,3985,20000,BACOLOD,CADIZ CITY,REGULAR,2-Jan-20
1920,NTMC,C06800,JAVIER LIME QUARRY,01994@mailinator.com,1994,1994,40000,BACOLOD,SAGAY CITY,REGULAR,2-Jan-20
1921,NTMC,C06686,REPUBLIC CEBU POWDER COAT CORP.,03514@mailinator.com,3514,3514,100000,CEBU,MANDAUE CITY,REGULAR,2-Jan-20
1922,NTMC,C06686A,REPUBLIC DAVAO POWDER COAT CORP.,03515@mailinator.com,3515,3515,0,CEBU,LAPULAPU CITY,REGULAR,2-Jan-20
1923,NTMC,C06699,GERARD ANDRE O. VILLANUEVA,01576@mailinator.com,1576,1576,0,DUMAGUETE,GUIHULNGAN,-,2-Jan-20
1924,NTMC,C06702,SENTORIAS ENTERPRISES,03864@mailinator.com,3864,3864,200000,BOHOL,TAGBILARAN CITY,REGULAR,2-Jan-20
1925,NTMC,C06711,PD888 AUTO CARE,03207@mailinator.com,3207,3207,100000,BACOLOD,BACOLOD CITY,REGULAR,2-Jan-20
1926,NTMC,C06713,MAKATO ELECTRO HARDWARE,02602@mailinator.com,2602,2602,150000,ILOILO,ILOILO CITY,REGULAR,2-Jan-20
1927,NTMC,C06726,JUNMART R. CRESCENCIO,02284@mailinator.com,2284,2284,0,BOHOL,BOHOL PROVINCE,NOT AVAILABLE,2-Jan-20
1928,NTMC,C06766,SJ MOTOR PARTS,03921@mailinator.com,3921,3921,25000,DUMAGUETE,DUMAGUETE CITY,REGULAR,2-Jan-20
1929,NTMC,C06783,UY MKTG. ENT. & SERVICES,04337@mailinator.com,4337,4337,400000,ILOILO,ILOILO CITY,REGULAR,2-Jan-20
1930,NTMC,C06684,THEA & REY TAXI,04164@mailinator.com,4164,4164,15000,BACOLOD,BACOLOD CITY,REGULAR,2-Jan-20
1931,NTMC,C06624,EXXONMOBIL MARINE LIMITED,01353@mailinator.com,1353,1353,0,MARINE,CEBU CITY,-,2-Jan-20
1932,NTMC,C06628,CHECK-UP MOTOR CYCLE,00807@mailinator.com,807,807,0,TACLOBAN,ORMOC CITY,-,2-Jan-20
1933,NTMC,C06634,DARUNDAY CONSTRUCTION SUPPLY,01005@mailinator.com,1005,1005,37500,BOHOL,TAGBILARAN CITY,REGULAR,2-Jan-20
1934,NTMC,C06637,ALCHI DEVELOPMENT CORP. / THE CAR SHOP,00214@mailinator.com,214,214,200000,CEBU,CEBU CITY,REGULAR,2-Jan-20
1935,NTMC,C06646,SAMAR COCO PRODUCTS MANUFACTURING CORP.,03791@mailinator.com,3791,3791,800000,TACLOBAN,CALBAYOG CITY,REGULAR,2-Jan-20
1936,NTMC,C06646A,DYCHONGBEN INCORPORATED,01159@mailinator.com,1159,1159,0,TACLOBAN,CALBAYOG CITY,-,2-Jan-20
1937,NTMC,C06659,TAIHOSANGYO PHIL. CORP.,04104@mailinator.com,4104,4104,50000,CEBU,LAPULAPU CITY,REGULAR,2-Jan-20
1938,NTMC,C06661A,"LINDE PHILIPPINES, INC.",02501@mailinator.com,2501,2501,1000000,MANILA,SAN FERNANDO,REGULAR,2-Jan-20
1939,NTMC,C06662,GREZEN MERCHANDISING,01683@mailinator.com,1683,1683,30000,ILOILO,ILOILO CITY,REGULAR,2-Jan-20
1940,NTMC,C06665,5N PLAINFIELD MARKETING INC,00057@mailinator.com,57,57,120000,ILOILO,ILOILO CITY,REGULAR,2-Jan-20
1941,NTMC,C06666,BOBBY F. VILLAQUER,00584@mailinator.com,584,584,0,CEBU,CEBU CITY,-,2-Jan-20
1942,NTMC,C06539,BOHOL MACHINE SHOP & ENGINEERING WORKS,00595@mailinator.com,595,595,100000,BOHOL,TAGBILARAN CITY,REGULAR,2-Jan-20
1943,NTMC,C06548,RICOR MILLS CORP.,03565@mailinator.com,3565,3565,500000,CEBU,TALISAY CITY,REGULAR,2-Jan-20
1944,NTMC,C06548B,CEBU VALLADOLID INTEGRATED FARM CORPORATION,00763@mailinator.com,763,763,0,CEBU,CARCAR CITY,REGULAR,2-Jan-20
1945,NTMC,C06548C,ASIAN GRAINS CORP.,00390@mailinator.com,390,390,0,CEBU,MANDAUE CITY,REGULAR,2-Jan-20
1946,NTMC,C06560,RENANTE C. SALUDAR,03503@mailinator.com,3503,3503,0,ILOILO,ILOILO CITY,-,2-Jan-20
1947,NTMC,C06582,MANDAUE CEBU MARINE PRODUCTS CORPORATION,02616@mailinator.com,2616,2616,400000,CEBU,MANDAUE CITY,-,2-Jan-20
1948,NTMC,C06582A,HJR INTERNATIONAL CORPORATION,01773@mailinator.com,1773,1773,100000,CEBU,MANDAUE CITY,REGULAR,2-Jan-20
1949,NTMC,C06583,RAG AUTO SUPPLY,03426@mailinator.com,3426,3426,30000,BACOLOD,BACOLOD CITY,-,2-Jan-20
1950,NTMC,C06599,ARNOLD HARDWARE & SUPPLY,00366@mailinator.com,366,366,0,TACLOBAN,CATARMAN,-,2-Jan-20
1951,NTMC,C06607,KETH CHAN,02347@mailinator.com,2347,2347,0,BOHOL,TAGBILARAN CITY,REGULAR,2-Jan-20
1952,NTMC,C06613,MAP AUTO SHOP,02631@mailinator.com,2631,2631,30000,DUMAGUETE,DUMAGUETE CITY,REGULAR,2-Jan-20
1953,NTMC,C06446,"CAPIZ SUGAR CENTRAL, INC.",00689@mailinator.com,689,689,500000,ILOILO,ROXAS CITY,REGULAR,2-Jan-20
1954,NTMC,C06461,MAWI-YUWI GEN. MERCHANDISE,02688@mailinator.com,2688,2688,25000,CEBU,CEBU CITY,REGULAR,2-Jan-20
1955,NTMC,C06469A,MJAS ZENITH TRADING,02814@mailinator.com,2814,2814,0,CEBU,TACLOBAN CITY,-,2-Jan-20
1956,NTMC,C06474,TALIBON TIRE CENTER / ABRAHAM TORREON,04109@mailinator.com,4109,4109,40000,BOHOL,TAGBILARAN CITY,REGULAR,2-Jan-20
1957,NTMC,C06515,FZS MOTORPARTS,01493@mailinator.com,1493,1493,50000,BOHOL,TAGBILARAN CITY,REGULAR,2-Jan-20
1958,NTMC,C06525,JMC TRADING,02138@mailinator.com,2138,2138,200000,TACLOBAN,CALBAYOG CITY,-,2-Jan-20
1959,NTMC,C06529A,RJJ MOTOR PARTS CENTER,03590@mailinator.com,3590,3590,130000,ILOILO,ROXAS CITY,REGULAR,2-Jan-20
1960,NTMC,C06533,EGS ASIA LTD.,01234@mailinator.com,1234,1234,0,CEBU,CEBU NORTH,-,2-Jan-20
1961,NTMC,C06533A,EGS ASIA INC.,01233@mailinator.com,1233,1233,0,CEBU,LAPULAPU CITY,-,2-Jan-20
1962,NTMC,C06519,TOKYO MICROSHAFT CORP.,04205@mailinator.com,4205,4205,100000,CEBU,NAGA,REGULAR,2-Jan-20
1963,NTMC,C06351,JMNA MOTOR PARTS TRADING,02144@mailinator.com,2144,2144,20000,CEBU,MANDAUE CITY,REGULAR,2-Jan-20
1964,NTMC,C06394,B'MAN CAR SERVICES CENTER,00578@mailinator.com,578,578,100000,DUMAGUETE,DUMAGUETE CITY,REGULAR,2-Jan-20
1965,NTMC,C06409,FH TRUCKING / FILEMON HONCULADA,01415@mailinator.com,1415,1415,50000,BOHOL,TAGBILARAN CITY,REGULAR,2-Jan-20
1966,NTMC,C06412,LESTER LIBRE,02476@mailinator.com,2476,2476,0,CEBU,CEBU CITY,-,2-Jan-20
1967,NTMC,C06417,GILBERT ASPE,01588@mailinator.com,1588,1588,0,BOHOL,TUBIGON,-,2-Jan-20
1968,NTMC,C06428,ROSE TOURS,03694@mailinator.com,3694,3694,0,ILOILO,ILOILO CITY,REGULAR,2-Jan-20
1969,NTMC,C06430,JERRY QUITA,02064@mailinator.com,2064,2064,0,ILOILO,ILOILO CITY,-,2-Jan-20
1970,NTMC,C06434,GEREL L. LEDESMA,01577@mailinator.com,1577,1577,0,ILOILO,ROXAS CITY,-,2-Jan-20
1971,NTMC,C06435,GOLD RIBBON FOOD INC.,01629@mailinator.com,1629,1629,150000,CEBU,MANDAUE CITY,REGULAR,2-Jan-20
1972,NTMC,C06438,AIM MERCHANDISING CORP,00179@mailinator.com,179,179,150000,ILOILO,ILOILO CITY,-,2-Jan-20
1973,NTMC,C06223,"CEBU EVERGREEN INDUSTRIES, INC.-ILO-ILO",00738@mailinator.com,738,738,50000,ILOILO,ILOILO CITY,REGULAR,2-Jan-20
1974,NTMC,C06224,RYAN PARTS,03755@mailinator.com,3755,3755,80000,ILOILO,GUIMARAS,-,2-Jan-20
1975,NTMC,C06230,NITS TRUCKING SERVICES,03040@mailinator.com,3040,3040,100000,DUMAGUETE,MABINAY,-,2-Jan-20
1976,NTMC,C06257,A.A DE VERA CONSTRUCTION,00076@mailinator.com,76,76,90000,BOHOL,TAGBILARAN CITY,REGULAR,2-Jan-20
1977,NTMC,C06261,ASL ENTERPRISES,00395@mailinator.com,395,395,1200000,TACLOBAN,PALOMPON,REGULAR,2-Jan-20
1978,NTMC,C06275,RANE COMMERCIAL,03444@mailinator.com,3444,3444,10000,BOHOL,TAGBILARAN CITY,REGULAR,2-Jan-20
1979,NTMC,C06293,RMB GAS STATION,03609@mailinator.com,3609,3609,50000,ILOILO,ILOILO CITY,REGULAR,2-Jan-20
1980,NTMC,C06316,PILO BAHALLA,03269@mailinator.com,3269,3269,50000,BOHOL,TAGBILARAN CITY,REGULAR,2-Jan-20
1981,NTMC,C06321,JENY GUIOGUIO,02055@mailinator.com,2055,2055,50000,BOHOL,BOHOL PROVINCE,-,2-Jan-20
1982,NTMC,C06334,ANGELITA UNAJAN,00298@mailinator.com,298,298,0,BOHOL,TAGBILARAN CITY,-,2-Jan-20
1983,NTMC,C06056,D.T. ESTARON ENGINEERING & CONSTRUCTION,00973@mailinator.com,973,973,200000,TACLOBAN,BORONGAN,-,2-Jan-20
1984,NTMC,C06076,G & S SOLID CORPORATION,01495@mailinator.com,1495,1495,105000,DUMAGUETE,DUMAGUETE CITY,REGULAR,2-Jan-20
1985,NTMC,C06081,CHRISTOPHER YAP - SAMPLE,00828@mailinator.com,828,828,0,BOHOL,TAGBILARAN CITY,-,2-Jan-20
1986,NTMC,C06116,LOCSIN CAR TRACK CENTER,02514@mailinator.com,2514,2514,200000,ILOILO,ILOILO CITY,REGULAR,2-Jan-20
1987,NTMC,C06132,HESREAL DEVELOPMENT CORPORATION,01746@mailinator.com,1746,1746,600000,CEBU,CEBU CITY,REGULAR,2-Jan-20
1988,NTMC,C06135,JUNALYN PACA?A,02277@mailinator.com,2277,2277,0,CEBU,CEBU CITY,-,2-Jan-20
1989,NTMC,C06170,JASKI TRADERS,01990@mailinator.com,1990,1990,300000,CEBU,MANDAUE CITY,REGULAR,2-Jan-20
1990,NTMC,C06181,POLSHAJEM MOTOR PARTS AND SERVICES,03305@mailinator.com,3305,3305,100000,BOHOL,TAGBILARAN CITY,REGULAR,2-Jan-20
1991,NTMC,C06205,"HYUNDAI -  BACOLOD, INC.",01804@mailinator.com,1804,1804,0,BACOLOD,BACOLOD CITY,-,2-Jan-20
1992,NTMC,C06221,LJR VENTURES,02509@mailinator.com,2509,2509,0,CEBU,MANDAUE CITY,REGULAR,2-Jan-20
1993,NTMC,C06096,NEW BETHRO TRADING & CAR CARE CENTER,02988@mailinator.com,2988,2988,1000000,MANILA,QUEZON PROVINCE,REGULAR,2-Jan-20
1994,NTMC,C05983,AGGREGATE INDUSTRIAL MERCHANDISE,00162@mailinator.com,162,162,30000,DUMAGUETE,DUMAGUETE CITY,REGULAR,2-Jan-20
1995,NTMC,C05987,EDS MKTG.,01214@mailinator.com,1214,1214,0,TACLOBAN,TACLOBAN CITY,-,2-Jan-20
1996,NTMC,C05999,GILBERT LU,01590@mailinator.com,1590,1590,0,CEBU,CEBU CITY,-,2-Jan-20
1997,NTMC,C06000,TATA TRANSPORT CORP. / TATA TAXI,04118@mailinator.com,4118,4118,200000,ILOILO,ILOILO CITY,REGULAR,2-Jan-20
1998,NTMC,C06004,CSL SHIPPING,00940@mailinator.com,940,940,1500000,TACLOBAN,TACLOBAN CITY,REGULAR,2-Jan-20
1999,NTMC,C06010,JOSEPH MICHAEL MARKETING,02218@mailinator.com,2218,2218,65000,DUMAGUETE,DUMAGUETE CITY,REGULAR,2-Jan-20
2000,NTMC,C06036,WHEELMASTER,04451@mailinator.com,4451,4451,1000000,CEBU,CEBU CITY,REGULAR,2-Jan-20
2001,NTMC,C06055,SHOW & GO,03897@mailinator.com,3897,3897,800000,TACLOBAN,TACLOBAN CITY,-,2-Jan-20
2002,NTMC,C05876,MARY GRACE TELIN GEN. MDSE. & SERVICES CORP.,02675@mailinator.com,2675,2675,25000,TACLOBAN,SOGOD SO. LEYTE,REGULAR,2-Jan-20
2003,NTMC,C05909,KIER LOUIES MOTOSUIT MFG. /MS MOTOSUIT,02351@mailinator.com,2351,2351,0,CEBU,MANDAUE CITY,REGULAR,2-Jan-20
2004,NTMC,C05918,JGL BICYCLE SUPPLY,02087@mailinator.com,2087,2087,15000,DUMAGUETE,BAYAWAN CITY,-,2-Jan-20
2005,NTMC,C05947,"MURAMOTO AUDIO-VISUAL PHILS., INC.",02914@mailinator.com,2914,2914,500000,CEBU,LAPULAPU CITY,REGULAR,2-Jan-20
2006,NTMC,C05952,LOPEZ SUGAR CORP.,02521@mailinator.com,2521,2521,1500000,BACOLOD,SAGAY CITY,REGULAR,2-Jan-20
2007,NTMC,C05976,AJ OCASLA ENTERPRISES / ALMA ENT.,00187@mailinator.com,187,187,150000,TACLOBAN,STA. TERESITA,REGULAR,2-Jan-20
2008,NTMC,C05979,MARLOT MOTOR & AUTO PARTS CENTER,02666@mailinator.com,2666,2666,40000,DUMAGUETE,BAIS CITY,-,2-Jan-20
2009,NTMC,C05966,JB CABANO TRUCKING SERVICES,02008@mailinator.com,2008,2008,100000,DUMAGUETE,DUMAGUETE CITY,REGULAR,2-Jan-20
2010,NTMC,C05803,ADREY'S TIRES CENTER SUPPLY,00146@mailinator.com,146,146,0,MANILA,CAMARINES SUR,-,2-Jan-20
2011,NTMC,C05821,AMORA MOTORPARTS & REPAIR SHOP,00279@mailinator.com,279,279,50000,BOHOL,TAGBILARAN CITY,REGULAR,2-Jan-20
2012,NTMC,C05836,TANTE'S TAXI,04115@mailinator.com,4115,4115,150000,CEBU,CEBU CITY,REGULAR,2-Jan-20
2013,NTMC,C05836A,CHARLZ CONSTRUCTION,00801@mailinator.com,801,801,0,CEBU,CEBU CITY,REGULAR,2-Jan-20
2014,NTMC,C05808,CEBU IRON FOUNDRY CORP. ( CIFCO ),00745@mailinator.com,745,745,100000,CEBU,MANDAUE CITY,REGULAR,2-Jan-20
2015,NTMC,C05823,TUKURAN TIRE SALES & GEN. MDSE.,04289@mailinator.com,4289,4289,1250000,MANILA,ALBAY,REGULAR,2-Jan-20
2016,NTMC,C05725,BOMEDCO,00597@mailinator.com,597,597,2000000,CEBU,BOGO CITY,REGULAR,2-Jan-20
2017,NTMC,C05737,"TREND PERFORMANCE CENTRUM, INC. - ILOILO",04258@mailinator.com,4258,4258,1000000,ILOILO,ILOILO CITY,REGULAR,2-Jan-20
2018,NTMC,C05737A,TREND PERFORMANCE CENTRUM INC. - MANILA2,04257@mailinator.com,4257,4257,2000000,CEBU,MANILA,-,2-Jan-20
2019,NTMC,C05743,KRISMAR MERCHANDISE & TIRE SUPPLY,02392@mailinator.com,2392,2392,250000,BACOLOD,BACOLOD CITY,REGULAR,2-Jan-20
2020,NTMC,C05761,HPOI CORPORATION,01794@mailinator.com,1794,1794,300000,CEBU,LAPULAPU CITY,REGULAR,2-Jan-20
2021,NTMC,C05785,NEW LEMCA TRANSPORT SERVICES,03006@mailinator.com,3006,3006,200000,CEBU,SAN FERNANDO,REGULAR,2-Jan-20
2022,NTMC,C05789,PRYCE GASES INC. - ILOILO,03362@mailinator.com,3362,3362,200000,ILOILO,ILOILO CITY,-,2-Jan-20
2023,NTMC,C05789A,PRYCE GASES INC. - BACOLOD,03361@mailinator.com,3361,3361,200000,BACOLOD,SILAY CITY,REGULAR,2-Jan-20
2024,NTMC,C05798,JB HEART TIRE SUPPLY,02010@mailinator.com,2010,2010,4000000,MANILA,CAMARINES SUR,REGULAR,2-Jan-20
2025,NTMC,C05737B,TREND PERFORMANCE CENTRUM INC. - MANILA,04256@mailinator.com,4256,4256,2000000,MANILA,PARANAQUE,REGULAR,2-Jan-20
2026,NTMC,C05632,P-19 CYCLE PARTS TRADING,03157@mailinator.com,3157,3157,80000,BACOLOD,SAGAY CITY,REGULAR,2-Jan-20
2027,NTMC,C05640,JLC TRUCKING,02129@mailinator.com,2129,2129,100000,ILOILO,ILOILO CITY,REGULAR,2-Jan-20
2028,NTMC,C05641,CENTRAL AZUCARERA DE SAN ANTONIO,00781@mailinator.com,781,781,500000,ILOILO,PASSI CITY,REGULAR,2-Jan-20
2029,NTMC,C05641A,AGRIKULTO INC.,00172@mailinator.com,172,172,400000,MANILA,TARLAC,REGULAR,2-Jan-20
2030,NTMC,C05654,RED SURPLUS AUTO SUPPLY,03489@mailinator.com,3489,3489,100000,ILOILO,PASSI CITY,REGULAR,2-Jan-20
2031,NTMC,C05662,SAN MIGUEL BREWERY INC.- BACOLOD,03817@mailinator.com,3817,3817,250000,BACOLOD,BACOLOD CITY,REGULAR,2-Jan-20
2032,NTMC,C05712,FORTUVEROS CONST. SUPPLY,01461@mailinator.com,1461,1461,80000,ILOILO,ROXAS CITY,REGULAR,2-Jan-20
2033,NTMC,C05714,SALLY GALLEGO,03784@mailinator.com,3784,3784,0,BACOLOD,BACOLOD CITY,-,2-Jan-20
2034,NTMC,C05721,BORONGAN STAR OIL STATION,00606@mailinator.com,606,606,150000,TACLOBAN,BORONGAN,-,2-Jan-20
2035,NTMC,C05583,JC CARRIER INC.,02018@mailinator.com,2018,2018,600000,BACOLOD,BACOLOD CITY,REGULAR,2-Jan-20
2036,NTMC,C05542,SOUTHERN STAR MARKETING,03977@mailinator.com,3977,3977,100000,ILOILO,ILOILO CITY,REGULAR,2-Jan-20
2037,NTMC,C05552,TRI STAR MRJ GASOLINE STATION INC.,04264@mailinator.com,4264,4264,20000,ILOILO,ILOILO EAST,-,2-Jan-20
2038,NTMC,C05553,JOSHBIANC MOTOR PARTS,02224@mailinator.com,2224,2224,300000,BACOLOD,BACOLOD CITY,REGULAR,2-Jan-20
2039,NTMC,C05560,BJA TRUCKING,00563@mailinator.com,563,563,50000,TACLOBAN,ORMOC CITY,REGULAR,2-Jan-20
2040,NTMC,C05593,SOUTH BAY MOTORS CORP.,03967@mailinator.com,3967,3967,200000,CEBU,CEBU CITY,REGULAR,2-Jan-20
2041,NTMC,C05595,GOLDEN KEY TRADING,01640@mailinator.com,1640,1640,200000,BACOLOD,KABANKALAN CITY,REGULAR,2-Jan-20
2042,NTMC,C05452,BACOLOD MINDANAO LUMBER & PLYWOOD CORP.,00464@mailinator.com,464,464,500000,BACOLOD,BACOLOD CITY,REGULAR,2-Jan-20
2043,NTMC,C05465,M.G. FERNANDEZ TIRE SUPPLY,02555@mailinator.com,2555,2555,500000,MANILA,MUNTINLUPA,REGULAR,2-Jan-20
2044,NTMC,C05489,GWYN CYCLE PARTS,01700@mailinator.com,1700,1700,5000,BACOLOD,ESCALANTE CITY,-,2-Jan-20
2045,NTMC,C05502,A & C VENTURES,00069@mailinator.com,69,69,30000,BACOLOD,BACOLOD CITY,REGULAR,2-Jan-20
2046,NTMC,C05530,RANDY BRAZA / ROYAL CROWN MKTG.,03441@mailinator.com,3441,3441,10000,ILOILO,ILOILO CENTRAL,-,2-Jan-20
2047,NTMC,C05531,ORGANIC PRODUCER OF THE ISLAND OF NEGROS,03126@mailinator.com,3126,3126,0,BACOLOD,SAGAY CITY,REGULAR,2-Jan-20
2048,NTMC,C05539,SIDEWHEEL ENTERPRISES,03902@mailinator.com,3902,3902,50000,BACOLOD,VICTORIAS CITY,REGULAR,2-Jan-20
2049,NTMC,C05431,EAST RUBBER MKTG.,01186@mailinator.com,1186,1186,15000,BACOLOD,BACOLOD CITY,REGULAR,2-Jan-20
2050,NTMC,C05434,KALIBO CYCLE PARTS,02310@mailinator.com,2310,2310,100000,ILOILO,ILOILO CITY,REGULAR,2-Jan-20
2051,NTMC,C05451,"EURO C.B. (PHILS.), INC.",01329@mailinator.com,1329,1329,500000,CEBU,LAPULAPU CITY,REGULAR,2-Jan-20
2052,NTMC,C05426,CONSUELO'S SUPERMART INC.,00904@mailinator.com,904,904,220000,BACOLOD,BACOLOD CITY,REGULAR,2-Jan-20
2053,NTMC,C05395,ML INCORPORATED,02825@mailinator.com,2825,2825,330000,BACOLOD,BACOLOD CITY,REGULAR,2-Jan-20
2054,NTMC,C05400,TRAMCAR GEN. MDSE.,04241@mailinator.com,4241,4241,400000,BACOLOD,VICTORIAS CITY,REGULAR,2-Jan-20
2055,NTMC,C05419,TB ICE PLANT,04124@mailinator.com,4124,4124,200000,ILOILO,ROXAS CITY,-,2-Jan-20
2056,NTMC,C05421,JFNS ENT. / NN RICE DEALER,02081@mailinator.com,2081,2081,600000,BACOLOD,BACOLOD CITY,-,2-Jan-20
2057,NTMC,C05336,SYT ICE PLANT & COLD STORAGE,04088@mailinator.com,4088,4088,100000,ILOILO,ILOILO CITY,REGULAR,2-Jan-20
2058,NTMC,C05346,"SAGAY CENTRAL, INC.",03776@mailinator.com,3776,3776,500000,BACOLOD,SAGAY CITY,REGULAR,2-Jan-20
2059,NTMC,C05349,SAMANTHA GEN. MDSE.,03789@mailinator.com,3789,3789,100000,ILOILO,GUIMARAS,-,2-Jan-20
2060,NTMC,C05352,CARMATE GUIMBAL / RJ GARIBAY,00705@mailinator.com,705,705,50000,ILOILO,ILOILO CITY,REGULAR,2-Jan-20
2061,NTMC,C05385,RR CYCLE PARTS,03718@mailinator.com,3718,3718,75000,BACOLOD,KABANKALAN CITY,REGULAR,2-Jan-20
2062,NTMC,C05388,PLANTER'S TRACTOR PARTS SUPPLY,03283@mailinator.com,3283,3283,500000,ILOILO,ILOILO CITY,REGULAR,2-Jan-20
2063,NTMC,C05379,MGA.414 CORPORATION,02769@mailinator.com,2769,2769,1000000,MANILA,MAKATI,REGULAR,2-Jan-20
2064,NTMC,C05305,ALTURAS MOTORPOOL,00259@mailinator.com,259,259,3800000,BOHOL,TAGBILARAN CITY,GOLD,2-Jan-20
2065,NTMC,C05326,MESSIAH LINES,02752@mailinator.com,2752,2752,5000,BACOLOD,BACOLOD CITY,REGULAR,2-Jan-20
2066,NTMC,C05287,RAYLEEN CYCLE PARTS,03449@mailinator.com,3449,3449,0,ILOILO,ILOILO CITY,REGULAR,2-Jan-20
2067,NTMC,C05290,DUMAPIG FUEL & SERVICE STATION,01152@mailinator.com,1152,1152,150000,ILOILO,ROXAS CITY,REGULAR,2-Jan-20
2068,NTMC,C05315,DYPO AUTO PARTS,01164@mailinator.com,1164,1164,300000,BACOLOD,BACOLOD CITY,REGULAR,2-Jan-20
2069,NTMC,C05318,BW PARTS,00654@mailinator.com,654,654,100000,BACOLOD,BACOLOD CITY,REGULAR,2-Jan-20
2070,NTMC,C05319,H N' G BIKE & MOTOR PARTS,01707@mailinator.com,1707,1707,50000,BACOLOD,BACOLOD CITY,REGULAR,2-Jan-20
2071,NTMC,C05328,TSONG'S MOTOR PARTS MERCHANDISING,04285@mailinator.com,4285,4285,20000,BACOLOD,BAGO CITY,-,2-Jan-20
2072,NTMC,C05331,NEW BACOLOD LINING CENTER & GEN. MDSE.,02984@mailinator.com,2984,2984,50000,BACOLOD,BACOLOD CITY,REGULAR,2-Jan-20
2073,NTMC,C05333,OROLA MERCHANDISING,03137@mailinator.com,3137,3137,200000,ILOILO,ILOILO CITY,REGULAR,2-Jan-20
2074,NTMC,C05305A,NAUTICA SHIPPING & INTEGRATED SERVICE INC.,02946@mailinator.com,2946,2946,0,BOHOL,TAGBILARAN CITY,GOLD,2-Jan-20
2075,NTMC,C05275,B.S.B. ENTERPRISES,00637@mailinator.com,637,637,10000,BACOLOD,BAGO CITY,REGULAR,2-Jan-20
2076,NTMC,C05219,VICENTA MALUNES,04383@mailinator.com,4383,4383,0,BACOLOD,BACOLOD CITY,-,2-Jan-20
2077,NTMC,C05232,BEBON STORE,00502@mailinator.com,502,502,40000,BACOLOD,KABANKALAN CITY,REGULAR,2-Jan-20
2078,NTMC,C05243,G-4 COMMERCIAL,01502@mailinator.com,1502,1502,0,BACOLOD,SIPALAY CITY,-,2-Jan-20
2079,NTMC,C05244,ROXAS MACROTECH SURPLUS / CAL'S POULTRY SUPPLY,03700@mailinator.com,3700,3700,200000,ILOILO,ROXAS CITY,-,2-Jan-20
2080,NTMC,C05253,AVL AUTO SUPPLY - MYGALE AUTO PARTS,00438@mailinator.com,438,438,300000,ILOILO,ILOILO CITY,REGULAR,2-Jan-20
2081,NTMC,C05258,NEXXUS ENTERPRISES,03018@mailinator.com,3018,3018,1800000,ILOILO,ILOILO CITY,REGULAR,2-Jan-20
2082,NTMC,C05261,"VER-CON MARKETING, INC.",04369@mailinator.com,4369,4369,100000,BACOLOD,BACOLOD CITY,REGULAR,2-Jan-20
2083,NTMC,C05263,MZQ CYCLE CENTER,02923@mailinator.com,2923,2923,25000,ILOILO,ILOILO CITY,REGULAR,2-Jan-20
2084,NTMC,C05264,NAJRAN ENTERPRISES,02934@mailinator.com,2934,2934,300000,ILOILO,ILOILO CITY,REGULAR,2-Jan-20
2085,NTMC,C05277,J' WHEELS AUTO REPAIR & MKTG.,01911@mailinator.com,1911,1911,100000,ILOILO,ILOILO CITY,REGULAR,2-Jan-20
2086,NTMC,C05172,CONSUMER LINK CORPORATION,00905@mailinator.com,905,905,175000,ILOILO,ILOILO CITY,REGULAR,2-Jan-20
2087,NTMC,C05174,FIVE-O TRANSPORT SERVICE INC. / SUSIE STAR,01438@mailinator.com,1438,1438,120000,ILOILO,ILOILO CITY,REGULAR,2-Jan-20
2088,NTMC,C05175,VILLARUEL MERCHANDISING,04389@mailinator.com,4389,4389,60000,ILOILO,ILOILO CITY,REGULAR,2-Jan-20
2089,NTMC,C05180A,AUG AUTO PARTS SUPPLY,00412@mailinator.com,412,412,300000,ILOILO,ILOILO CITY,REGULAR,2-Jan-20
2090,NTMC,C05191,"TRANSCOR MOTOR, INC.",04242@mailinator.com,4242,4242,1000000,BACOLOD,BACOLOD CITY,REGULAR,2-Jan-20
2091,NTMC,C05197,D.E. PERUCHO ENTERPRISES,00971@mailinator.com,971,971,200000,ILOILO,ILOILO CITY,REGULAR,2-Jan-20
2092,NTMC,C05200,MILCO MALCOM MARKETING,02796@mailinator.com,2796,2796,300000,BACOLOD,BACOLOD CITY,REGULAR,2-Jan-20
2093,NTMC,C05205,SADEL MARKETING,03773@mailinator.com,3773,3773,60000,ILOILO,ANTIQUE,-,2-Jan-20
2094,NTMC,C05208,NEW ILOILO TRACTOR & AUTO PARTS,03004@mailinator.com,3004,3004,500000,ILOILO,ILOILO CITY,REGULAR,2-Jan-20
2095,NTMC,C05180,VALERIA HP MOTOR PARTS SUPPLY,04346@mailinator.com,4346,4346,300000,ILOILO,ILOILO CITY,REGULAR,2-Jan-20
2096,NTMC,C05112,DENVER PAUL GENERAL MDSE.,01055@mailinator.com,1055,1055,100000,BACOLOD,TAYABAS,REGULAR,2-Jan-20
2097,NTMC,C05110,MEL DIANNE TOURS & SERVICES,02736@mailinator.com,2736,2736,50000,BACOLOD,SAN CARLOS,REGULAR,2-Jan-20
2098,NTMC,C05103,LIFETIME TIRE SOLUTION CENTER,02492@mailinator.com,2492,2492,100000,BACOLOD,KABANKALAN CITY,REGULAR,2-Jan-20
2099,NTMC,C05107,HBY AUTO PARTS & GEN. MDSE.,01730@mailinator.com,1730,1730,300000,ILOILO,ILOILO CITY,REGULAR,2-Jan-20
2100,NTMC,C05111,KIM CHING MARKETING,02352@mailinator.com,2352,2352,200000,BACOLOD,BAGO CITY,REGULAR,2-Jan-20
2101,NTMC,C05124,CR3ME MARKETING CORPORATION,00917@mailinator.com,917,917,120000,BACOLOD,BACOLOD CITY,REGULAR,2-Jan-20
2102,NTMC,C05154,IKF AUTO PARTS CENTER,01824@mailinator.com,1824,1824,100000,ILOILO,ROXAS CITY,REGULAR,2-Jan-20
2103,NTMC,C05155,LOUNELS CONSTRUCTION SUPPLY,02526@mailinator.com,2526,2526,185000,ILOILO,ROXAS CITY,REGULAR,2-Jan-20
2104,NTMC,C05168,KENT LLOYD ELECTRICAL AUTO PARTS SUPPLY,02339@mailinator.com,2339,2339,100000,CEBU,CEBU CITY,REGULAR,2-Jan-20
2105,NTMC,C05056,TD MARKETING,04128@mailinator.com,4128,4128,200000,ILOILO,ILOILO CITY,REGULAR,2-Jan-20
2106,NTMC,C05080,LA ESTRELLA CHUA & SONS TRADING INC.,02419@mailinator.com,2419,2419,300000,ILOILO,ROXAS CITY,REGULAR,2-Jan-20
2107,NTMC,C05089,POTOTAN CYCLE CENTER,03310@mailinator.com,3310,3310,80000,ILOILO,ILOILO CITY,REGULAR,2-Jan-20
2108,NTMC,C05090,JSD CYCLE PARTS,02257@mailinator.com,2257,2257,350000,ILOILO,ANTIQUE,-,2-Jan-20
2109,NTMC,C05091,PACIFIC AUTO SUPPLY & GEN. MERCHANDISE,03160@mailinator.com,3160,3160,80000,ILOILO,ILOILO CITY,REGULAR,2-Jan-20
2110,NTMC,C05095,ELVIE ENTERPRISES,01264@mailinator.com,1264,1264,500000,ILOILO,ILOILO CITY,REGULAR,2-Jan-20
2111,NTMC,C05099,KERSHAN GEN. MERCHANT,02345@mailinator.com,2345,2345,500000,ILOILO,ANTIQUE,-,2-Jan-20
2112,NTMC,C05101,KOBE MOTOR PARTS SUPPLY,02380@mailinator.com,2380,2380,200000,ILOILO,ILOILO CITY,REGULAR,2-Jan-20
2113,NTMC,C05020,"ESTANCIA ICE PLANT & COLD STORAGE, INC. C/O FORTUNA GROUP OF ICE PLANT",01318@mailinator.com,1318,1318,100000,ILOILO,ILOILO CITY,REGULAR,2-Jan-20
2114,NTMC,C05019C,"STO. NINO ICE PLANT & COLD STORAGE , INC.",04034@mailinator.com,4034,4034,0,ILOILO,ILOILO CITY,REGULAR,2-Jan-20
2115,NTMC,C05019J,"SAN PEDRO ICE PLANT & COLD STORAGE, INC.",03823@mailinator.com,3823,3823,-,ILOILO,ILOILO CITY,REGULAR,2-Jan-20
2116,NTMC,C05019K,"SAN LORENZO ICE PLANT & COLD STORAGE, INC.",03812@mailinator.com,3812,3812,-,ILOILO,ILOILO CITY,REGULAR,2-Jan-20
2117,NTMC,C05019E,"SAN VICENTE ICE PLANT & COLD STORAGE, INC.",03824@mailinator.com,3824,3824,0,ILOILO,ILOILO CITY,REGULAR,2-Jan-20
2118,NTMC,C05019F,"SAN AGUSTIN ICE PLANT & COLD STORAGE, INC.",03801@mailinator.com,3801,3801,0,ILOILO,ILOILO CITY,REGULAR,2-Jan-20
2119,NTMC,C05019G,"SAN ANTONIO ICE PLANT & COLD STORAGE, INC.",03803@mailinator.com,3803,3803,0,ILOILO,ILOILO CITY,REGULAR,2-Jan-20
2120,NTMC,C05019H,"SAN IGNACIO ICE PLANT & COLD STORAGE , INC.",03806@mailinator.com,3806,3806,0,ILOILO,ILOILO CITY,REGULAR,2-Jan-20
2121,NTMC,C05019L,FORTUNA INC.,01459@mailinator.com,1459,1459,0,ILOILO,ILOILO CITY,REGULAR,2-Jan-20
2122,NTMC,C05019I,KING ICE INCORPORATED,02359@mailinator.com,2359,2359,-,ILOILO,ILOILO CITY,NOT AVAILABLE,2-Jan-20
2123,NTMC,C04952,SKL TRADING,03925@mailinator.com,3925,3925,35000,CEBU,CEBU SOUTH,REGULAR,2-Jan-20
2124,NTMC,C04954,BASIC VENTURES VULCANISING SERVICES & GEN. MDSE.,00485@mailinator.com,485,485,0,MANILA,BAGUIO,REGULAR,2-Jan-20
2125,NTMC,C04960,JTJ CYCLE PARTS,02262@mailinator.com,2262,2262,200000,ILOILO,ILOILO CITY,REGULAR,2-Jan-20
2126,NTMC,C04972,JOHN CARL AUTO SUPPLY,02169@mailinator.com,2169,2169,0,MANILA,BATANGAS,-,2-Jan-20
2127,NTMC,C05001,JCH WOOD CRAFT & LUMBER DEALER,02023@mailinator.com,2023,2023,30000,ILOILO,ROXAS CITY,-,2-Jan-20
2128,NTMC,C05004,BL ENTERPRISES,00565@mailinator.com,565,565,3000000,ILOILO,ILOILO CITY,REGULAR,2-Jan-20
2129,NTMC,C05019,SAN PAOLO ICE PLANT & COLD STORAGE,03822@mailinator.com,3822,3822,100000,ILOILO,ILOILO CITY,REGULAR,2-Jan-20
2130,NTMC,C05019A,"STAR ICE PLANT & COLD STORAGE, INC.",04014@mailinator.com,4014,4014,-,ILOILO,ROXAS CITY,REGULAR,2-Jan-20
2131,NTMC,C05019B,"ST. JOSEPH ICE PLANT & COLD STORAGE, INC.",04005@mailinator.com,4005,4005,-,ILOILO,ILOILO CITY,REGULAR,2-Jan-20
2132,NTMC,C04449,REYNOLD ENTERPRISES,03534@mailinator.com,3534,3534,80000,DUMAGUETE,BAYAWAN CITY,-,2-Jan-20
2133,NTMC,C04452,RML MARKETING AND TIRE SERVICE CENTER,03612@mailinator.com,3612,3612,300000,DUMAGUETE,DUMAGUETE CITY,REGULAR,2-Jan-20
2134,NTMC,C04459,PIALAGO ENTERPRISES,03264@mailinator.com,3264,3264,0,DUMAGUETE,DUMAGUETE CITY,REGULAR,2-Jan-20
2135,NTMC,C04477,WALK-IN - DUMAGUETE,04417@mailinator.com,4417,4417,30000,DUMAGUETE,DUMAGUETE CITY,-,2-Jan-20
2136,NTMC,C04906,MASAYON AUTO KLINIK / LARENA SALES,02679@mailinator.com,2679,2679,275000,DUMAGUETE,DUMAGUETE CITY,REGULAR,2-Jan-20
2137,NTMC,C04919,RACHEL ALESER,03415@mailinator.com,3415,3415,0,CEBU,CEBU CITY,-,2-Jan-20
2138,NTMC,C04939,RPM CYCLE CENTER,03712@mailinator.com,3712,3712,50000,BACOLOD,BACOLOD CITY,REGULAR,2-Jan-20
2139,NTMC,C04941,NIC'S ENTERPRISES,03027@mailinator.com,3027,3027,50000,DUMAGUETE,DUMAGUETE CITY,-,2-Jan-20
2140,NTMC,C04948,TINY'S MOTOR PARTS,04189@mailinator.com,4189,4189,30000,DUMAGUETE,DUMAGUETE CITY,REGULAR,2-Jan-20
2141,NTMC,C04344,B & H MART MOTORCYCLE AND ACCESSORIES,00446@mailinator.com,446,446,150000,DUMAGUETE,DUMAGUETE CITY,REGULAR,2-Jan-20
2142,NTMC,C04351,YAKAL ENTERPRISES,04501@mailinator.com,4501,4501,0,DUMAGUETE,BAYAWAN CITY,REGULAR,2-Jan-20
2143,NTMC,C04370,H & E DAYSTAR MOTOR - BIKE PARTS,01704@mailinator.com,1704,1704,0,DUMAGUETE,DUMAGUETE CITY,-,2-Jan-20
2144,NTMC,C04380,EMMALOU TRADING,01278@mailinator.com,1278,1278,155000,DUMAGUETE,DUMAGUETE CITY,REGULAR,2-Jan-20
2145,NTMC,C04406,JC ZDS ENTERPRISES,02020@mailinator.com,2020,2020,100000,DUMAGUETE,DUMAGUETE CITY,REGULAR,2-Jan-20
2146,NTMC,C04418,L & R STORE,02405@mailinator.com,2405,2405,200000,DUMAGUETE,BAYAWAN CITY,-,2-Jan-20
2147,NTMC,C04434,NEGROS BUILDERS HOME DEPOT INC.,02961@mailinator.com,2961,2961,50000,DUMAGUETE,DUMAGUETE CITY,REGULAR,2-Jan-20
2148,NTMC,C04435,NELDON ENTERPRISES,02967@mailinator.com,2967,2967,85000,DUMAGUETE,DUMAGUETE CITY,REGULAR,2-Jan-20
2149,NTMC,C04436,NEW BIAN YEK COMMERCIAL,02989@mailinator.com,2989,2989,400000,DUMAGUETE,DUMAGUETE CITY,REGULAR,2-Jan-20
2150,NTMC,C04445,RADDI PARTS SUPPLY & GEN. MERCHANDISE,03420@mailinator.com,3420,3420,100000,DUMAGUETE,DUMAGUETE CITY,REGULAR,2-Jan-20
2151,NTMC,C04413,RAFAEL LAZARO V-HIRE II,03423@mailinator.com,3423,3423,70000,DUMAGUETE,DUMAGUETE CITY,REGULAR,2-Jan-20
2152,NTMC,C03778,"TECMESH MACHINERY, INC.",04134@mailinator.com,4134,4134,300000,CEBU,LAPULAPU CITY,REGULAR,2-Jan-20
2153,NTMC,C03898,DAVTRAK AGGREGATES,01019@mailinator.com,1019,1019,0,MANILA,MANILA,-,2-Jan-20
2154,NTMC,C04077,ANROS AND SONS COMMERCIAL INC.,00307@mailinator.com,307,307,150000,DUMAGUETE,DUMAGUETE CITY,REGULAR,2-Jan-20
2155,NTMC,C04216,POMIDAS ENTERPRISES,03307@mailinator.com,3307,3307,200000,TACLOBAN,BORONGAN,REGULAR,2-Jan-20
2156,NTMC,C04301,"FDRCON CO., INC.",01397@mailinator.com,1397,1397,300000,CEBU,NAGA,REGULAR,2-Jan-20
2157,NTMC,C04301A,"FDR INTEGRATED RESOURCE RECOVERY MANAGEMENT, INC.",01396@mailinator.com,1396,1396,0,CEBU,NAGA,REGULAR,2-Jan-20
2158,NTMC,C04302,VLP MARKETING,04400@mailinator.com,4400,4400,10000,TACLOBAN,TACLOBAN CITY,-,2-Jan-20
2159,NTMC,C04321A,"LIRIO SHIPPING LINES, INC.",02502@mailinator.com,2502,2502,500000,CEBU,CEBU CITY,REGULAR,2-Jan-20
2160,NTMC,C04334,SAV MOTOR PARTS,03837@mailinator.com,3837,3837,30000,DUMAGUETE,DUMAGUETE CITY,REGULAR,2-Jan-20
2161,NTMC,C04342,DGTE AVM BATTERY ENTERPRISES INC. - DUMAGUETE,01068@mailinator.com,1068,1068,150000,DUMAGUETE,DUMAGUETE CITY,REGULAR,2-Jan-20
2162,NTMC,C04321,LITE SHIPPING CORPORATION,02504@mailinator.com,2504,2504,5000000,CEBU,CEBU CITY,REGULAR,2-Jan-20
2163,NTMC,C03646,PAVIA FEEDMILLING CORP.,03203@mailinator.com,3203,3203,500000,ILOILO,ILOILO CITY,REGULAR,2-Jan-20
2164,NTMC,C03647,ILOILO INTEGRATED ARRASTRE SERVICE CORPORATION,01828@mailinator.com,1828,1828,200000,ILOILO,ILOILO CITY,REGULAR,2-Jan-20
2165,NTMC,C03650,JESS MOTORCYCLE PARTS CENTER,02071@mailinator.com,2071,2071,100000,ILOILO,ROXAS CITY,REGULAR,2-Jan-20
2166,NTMC,C03658,ILOILO SURPLUS AND AUTO SUPPLY,01829@mailinator.com,1829,1829,200000,ILOILO,ILOILO CITY,REGULAR,2-Jan-20
2167,NTMC,C03663A,GUIMARAS WIND CORPORATION,01696@mailinator.com,1696,1696,0,ILOILO,ILOILO CITY,-,2-Jan-20
2168,NTMC,C03663B,BULACAN POWER GENERATION CORPORATION,00648@mailinator.com,648,648,500000,MANILA,NORZAGARAY,REGULAR,2-Jan-20
2169,NTMC,C03684,PAP'S ENTERPRISES,03183@mailinator.com,3183,3183,250000,TACLOBAN,BORONGAN,REGULAR,2-Jan-20
2170,NTMC,C03693,BOHECO 1,00586@mailinator.com,586,586,100000,BOHOL,TAGBILARAN CITY,BRONZE,2-Jan-20
2171,NTMC,C03733,CYCLE MEN ENTERPRISES,00952@mailinator.com,952,952,50000,CEBU,CEBU CITY,REGULAR,2-Jan-20
2172,NTMC,C03742,FRANCISCO LIM,01472@mailinator.com,1472,1472,0,CEBU,CEBU CITY,-,2-Jan-20
2173,NTMC,C03765A,PAPERTECH INC.,03181@mailinator.com,3181,3181,500000,MANILA,PASIG,REGULAR,2-Jan-20
2174,NTMC,C03613A,STEELASIA MANUFACTURING CORPORATION,04025@mailinator.com,4025,4025,3500000,MANILA,MEYCAUAYAN,REGULAR,2-Jan-20
2175,NTMC,C03614,JAGGY ENT.,01951@mailinator.com,1951,1951,40000,TACLOBAN,PALOMPON,REGULAR,2-Jan-20
2176,NTMC,C03625,YAN-YAN MOTOR PART/ YAN-YAN MARKETING,04505@mailinator.com,4505,4505,100000,ILOILO,ILOILO WEST,-,2-Jan-20
2177,NTMC,C03629,GEFS CYCLE PARTS,01544@mailinator.com,1544,1544,200000,ILOILO,ILOILO CITY,REGULAR,2-Jan-20
2178,NTMC,C03631,ALBERT MOTORCYCLE PARTS,00210@mailinator.com,210,210,300000,ILOILO,GUIMARAS,-,2-Jan-20
2179,NTMC,C03634,NEW BENDIX IND'L PARTS SUPPLY,02987@mailinator.com,2987,2987,100000,BACOLOD,BACOLOD CITY,REGULAR,2-Jan-20
2180,NTMC,C03643,CROWN AGRI TRADING CORP.,00935@mailinator.com,935,935,700000,BACOLOD,BACOLOD CITY,REGULAR,2-Jan-20
2181,NTMC,C03613B,STEELASIA MANUFACTURING CORPORATION - CEBU,04026@mailinator.com,4026,4026,0,CEBU,CARCAR CITY,REGULAR,2-Jan-20
2182,NTMC,C03263,D' TURBANADA TRANSPORT INC.,00966@mailinator.com,966,966,120000,TACLOBAN,CATARMAN,REGULAR,2-Jan-20
2183,NTMC,C03313,TWIN EAGLE MDSG.,04294@mailinator.com,4294,4294,-,TACLOBAN,SUMULONG HIWAY,REGULAR,2-Jan-20
2184,NTMC,C03330,DECO SALES INC.,01032@mailinator.com,1032,1032,0,CEBU,CEBU CITY,-,2-Jan-20
2185,NTMC,C03341,F & D ENTERPRISES,01356@mailinator.com,1356,1356,300000,CEBU,CEBU CITY,REGULAR,2-Jan-20
2186,NTMC,C03347,WALK-IN - TACLOBAN,04419@mailinator.com,4419,4419,5000,TACLOBAN,TACLOBAN CITY,-,2-Jan-20
2187,NTMC,C03361,ALTROSOF VENTURES,00257@mailinator.com,257,257,200000,TACLOBAN,TACLOBAN CITY,REGULAR,2-Jan-20
2188,NTMC,C03361A,FJLL RAWIS TRADING INC.,01441@mailinator.com,1441,1441,25000,TACLOBAN,BORONGAN,REGULAR,2-Jan-20
2189,NTMC,C03439,MP MOTOR PARTS & ACCESSORIES,02890@mailinator.com,2890,2890,70000,ILOILO,ROXAS CITY,REGULAR,2-Jan-20
2190,NTMC,C03556,HELM CONSTRUCTION & SUPPLIES,01738@mailinator.com,1738,1738,750000,CEBU,CEBU CITY,REGULAR,2-Jan-20
2191,NTMC,C03582,"CEBU REYKEN TRADERS, INC.",00758@mailinator.com,758,758,0,CEBU,CEBU CITY,REGULAR,2-Jan-20
2192,NTMC,C03613,"NEW CARCAR MANUFACTURING , INC.",02992@mailinator.com,2992,2992,3000000,CEBU,CARCAR CITY,REGULAR,2-Jan-20
2193,NTMC,C03428,JARINA TRUCKING,01983@mailinator.com,1983,1983,300000,BOHOL,TAGBILARAN CITY,REGULAR,2-Jan-20
2194,NTMC,C03178,CT MOTORPARTS,00941@mailinator.com,941,941,150000,TACLOBAN,ORMOC CITY,-,2-Jan-20
2195,NTMC,C03179,HVF CYCLE PARTS CENTER,01799@mailinator.com,1799,1799,100000,TACLOBAN,SOGOD SO. LEYTE,-,2-Jan-20
2196,NTMC,C03191,NICOLAS TIRE SUPPLY & SERVICE CENTER,03026@mailinator.com,3026,3026,250000,TACLOBAN,TACLOBAN CITY,REGULAR,2-Jan-20
2197,NTMC,C03196,EVR TRADING CORPORATION,01341@mailinator.com,1341,1341,100000,TACLOBAN,TACLOBAN CITY,-,2-Jan-20
2198,NTMC,C03196A,TACLOBAN WINNER MARKETING CORPORATION,04096@mailinator.com,4096,4096,0,TACLOBAN,TACLOBAN CITY,REGULAR,2-Jan-20
2199,NTMC,C03219,RRC TIREMASTER,03721@mailinator.com,3721,3721,200000,TACLOBAN,TACLOBAN CITY,REGULAR,2-Jan-20
2200,NTMC,C03224,SANVIC ENTERPISES,03833@mailinator.com,3833,3833,1000000,TACLOBAN,STA. ROSA,REGULAR,2-Jan-20
2201,NTMC,C03232,PETER JAMES STORE & TRUCKING SERVICES,03226@mailinator.com,3226,3226,25000,TACLOBAN,BORONGAN,-,2-Jan-20
2202,NTMC,C03235,WRENZMOTO VENTURE,04481@mailinator.com,4481,4481,70000,TACLOBAN,BORONGAN,-,2-Jan-20
2203,NTMC,C03243,HIYASHINSU INCORPORATED,01771@mailinator.com,1771,1771,700000,TACLOBAN,CALBAYOG CITY,-,2-Jan-20
2204,NTMC,C03257,FLORIEDIE'S GENERAL MERCHANDISE,01448@mailinator.com,1448,1448,200000,DUMAGUETE,DUMAGUETE CITY,REGULAR,2-Jan-20
2205,NTMC,C03258,GELERA AUTO/CYCLE PARTS,01547@mailinator.com,1547,1547,50000,TACLOBAN,CATARMAN,NOT AVAILABLE,2-Jan-20
2206,NTMC,C03110,JOHN QUILACIO,02178@mailinator.com,2178,2178,10000,CEBU,CEBU CITY,-,2-Jan-20
2207,NTMC,C03117,X-TREME MOTOR PARTS,04495@mailinator.com,4495,4495,50000,CEBU,CEBU CITY,REGULAR,2-Jan-20
2208,NTMC,C03118,FA NEPAN SALES INC.,01369@mailinator.com,1369,1369,150000,BACOLOD,BACOLOD CITY,REGULAR,2-Jan-20
2209,NTMC,C03123,MIESTO INTERNATIONAL FOODS CORPORATION,02791@mailinator.com,2791,2791,10000,CEBU,MANDAUE CITY,REGULAR,2-Jan-20
2210,NTMC,C03130,HONEY HOME ENTERPRISES,01785@mailinator.com,1785,1785,150000,TACLOBAN,TACLOBAN CITY,-,2-Jan-20
2211,NTMC,C03134A,MNL AUTOCARE CENTER,02830@mailinator.com,2830,2830,280000,CEBU,CEBU CITY,REGULAR,2-Jan-20
2212,NTMC,C03139,BAYBAY STANDARD TRADING,00493@mailinator.com,493,493,100000,TACLOBAN,BAYBAY,-,2-Jan-20
2213,NTMC,C03144,NACIONAL TIRE & SERVICE CENTER,02931@mailinator.com,2931,2931,600000,TACLOBAN,MAASIN CITY,REGULAR,2-Jan-20
2214,NTMC,C03150,FCRM SALES CENTER,01393@mailinator.com,1393,1393,150000,TACLOBAN,BILIRAN,-,2-Jan-20
2215,NTMC,C03171,ERICKSON MOTOR PARTS,01308@mailinator.com,1308,1308,700000,TACLOBAN,TACLOBAN CITY,REGULAR,2-Jan-20
2216,NTMC,C03163,J. JUSOPAR MOTOR PARTS & ACCESSORIES TRADING,01916@mailinator.com,1916,1916,400000,TACLOBAN,ORMOC CITY,REGULAR,2-Jan-20
2217,NTMC,C03169,EBR MARKETING CORPORATION - TACLOBAN,01192@mailinator.com,1192,1192,1200000,TACLOBAN,ORMOC CITY,REGULAR,2-Jan-20
2218,NTMC,C03025,DANCORR AUTO SUPPLY & GEN. MDSE.,00991@mailinator.com,991,991,550000,ILOILO,ROXAS CITY,REGULAR,2-Jan-20
2219,NTMC,C03025A,DANCARS ENTERPRISES,00989@mailinator.com,989,989,500000,ILOILO,ILOILO CITY,REGULAR,2-Jan-20
2220,NTMC,C03026,DE ANG CYCLE PARTS,01027@mailinator.com,1027,1027,0,ILOILO,ILOILO CITY,REGULAR,2-Jan-20
2221,NTMC,C03027,DELGON AUTO AND CYCLE SUPPLY,01038@mailinator.com,1038,1038,50000,ILOILO,ROXAS CITY,REGULAR,2-Jan-20
2222,NTMC,C03049,GOLDEN ROAD RUNNER INTERNATIONAL CORP.,01645@mailinator.com,1645,1645,1000000,ILOILO,ILOILO CITY,REGULAR,2-Jan-20
2223,NTMC,C03053,HK MOTOR PARTS SUPPLY,01774@mailinator.com,1774,1774,200000,ILOILO,ILOILO CITY,REGULAR,2-Jan-20
2224,NTMC,C03057,IKE AUTO SUPPLY,01823@mailinator.com,1823,1823,300000,ILOILO,ILOILO CITY,REGULAR,2-Jan-20
2225,NTMC,C03063,JANIUAY TRADING CENTER,01974@mailinator.com,1974,1974,70000,ILOILO,ILOILO CITY,REGULAR,2-Jan-20
2226,NTMC,C03098,STA. ELENA TIRES & BATTERY SUPPLY,04009@mailinator.com,4009,4009,50000,ILOILO,ILOILO CITY,REGULAR,2-Jan-20
2227,NTMC,C03106,WALK-IN - ILO-ILO,04418@mailinator.com,4418,4418,0,ILOILO,ILOILO CITY,-,2-Jan-20
2228,NTMC,C03049B,WILEX CONSTRUCTION EQUIPMENT SUPPLY,04457@mailinator.com,4457,4457,0,MANILA,ILOILO CITY,-,2-Jan-20
2229,NTMC,C02899,ROMAR OBANE,03664@mailinator.com,3664,3664,0,BACOLOD,BACOLOD CITY,-,2-Jan-20
2230,NTMC,C02907,RJT AUTO PARTS TRADING,03410@mailinator.com,3410,3410,100000,BACOLOD,SILAY CITY,REGULAR,2-Jan-20
2231,NTMC,C02931,STEVE VALENZUELA,04032@mailinator.com,4032,4032,20000,BACOLOD,LA CARLOTA CITY,-,2-Jan-20
2232,NTMC,C02939,TING'S ENTERPRISES,04188@mailinator.com,4188,4188,0,BACOLOD,KABANKALAN CITY,-,2-Jan-20
2233,NTMC,C02960,VAL YANGA,04344@mailinator.com,4344,4344,0,BACOLOD,LA CARLOTA CITY,-,2-Jan-20
2234,NTMC,C02968,WALK-IN - BACOLOD,04414@mailinator.com,4414,4414,30000,BACOLOD,BACOLOD CITY,-,2-Jan-20
2235,NTMC,C02991,3B AUTO PARTS,00027@mailinator.com,27,27,1000000,ILOILO,ILOILO CITY,REGULAR,2-Jan-20
2236,NTMC,C02993,76 AUTO PARTS,00060@mailinator.com,60,60,95000,ILOILO,ILOILO CITY,REGULAR,2-Jan-20
2237,NTMC,C02994,ACP AUTO PARTS & SUPPLY,00127@mailinator.com,127,127,200000,ILOILO,ILOILO CITY,REGULAR,2-Jan-20
2238,NTMC,C02995,AG TIRE SUPPLY,00157@mailinator.com,157,157,150000,ILOILO,ILOILO CITY,REGULAR,2-Jan-20
2239,NTMC,C03001,APOLLO AUTO SUPPLY,00325@mailinator.com,325,325,150000,ILOILO,ILOILO CITY,REGULAR,2-Jan-20
2240,NTMC,C02885,RM SOUTHERN SUPREME CORPORATION,03607@mailinator.com,3607,3607,300000,BACOLOD,BACOLOD CITY,REGULAR,2-Jan-20
2241,NTMC,C02839,PABLO AUTO & MOTORCYCLE PARTS,03159@mailinator.com,3159,3159,150000,BACOLOD,KABANKALAN CITY,REGULAR,2-Jan-20
2242,NTMC,C02841,PAZ R. BATTISTUZZI/ LUIGI DE LA RAMA BATTISTUZZI,03205@mailinator.com,3205,3205,0,BACOLOD,BACOLOD CITY,-,2-Jan-20
2243,NTMC,C02853,PRECISE ENGINEERING,03325@mailinator.com,3325,3325,0,BACOLOD,BACOLOD CITY,REGULAR,2-Jan-20
2244,NTMC,C02858,R & C HARDWARE,03384@mailinator.com,3384,3384,5000,BACOLOD,BAGO CITY,-,2-Jan-20
2245,NTMC,C02859,R. TRIBACO OILS & SUPPLIES,03391@mailinator.com,3391,3391,300000,BACOLOD,BACOLOD CITY,REGULAR,2-Jan-20
2246,NTMC,C02869,RC FISHING SUPPLIES OF BACOLOD INC.,03461@mailinator.com,3461,3461,2500000,BACOLOD,BACOLOD CITY,REGULAR,2-Jan-20
2247,NTMC,C02870,RCA TIRE & VULCANIZING,03466@mailinator.com,3466,3466,30000,BACOLOD,BACOLOD CITY,REGULAR,2-Jan-20
2248,NTMC,C02883,RISING SUN HARDWARE,03573@mailinator.com,3573,3573,50000,BACOLOD,KABANKALAN CITY,REGULAR,2-Jan-20
2249,NTMC,C02871,RCV LINES,03472@mailinator.com,3472,3472,20000,BACOLOD,BACOLOD CITY,REGULAR,2-Jan-20
2250,NTMC,C02888,ROBERT AUTO PARTS,03630@mailinator.com,3630,3630,3500000,DUMAGUETE,DUMAGUETE CITY,REGULAR,2-Jan-20
2251,NTMC,C02777,MACKENZIE LIONG,02580@mailinator.com,2580,2580,2500,BACOLOD,BACOLOD CITY,NOT AVAILABLE,2-Jan-20
2252,NTMC,C02731,JJ ENTERPRIZES,02112@mailinator.com,2112,2112,50000,BACOLOD,KABANKALAN CITY,REGULAR,2-Jan-20
2253,NTMC,C02761,"WILCEL TRADING, INC.",04454@mailinator.com,4454,4454,15000,BACOLOD,BACOLOD CITY,NOT AVAILABLE,2-Jan-20
2254,NTMC,C02765,LARRY MAGNABE/ MAG BOYS PARTS CENTER,02443@mailinator.com,2443,2443,175000,BACOLOD,LA CARLOTA CITY,REGULAR,2-Jan-20
2255,NTMC,C02799,MIRASOL TIRE SUPPLY,02810@mailinator.com,2810,2810,0,BACOLOD,BACOLOD CITY,-,2-Jan-20
2256,NTMC,C02809,MTJ AUTO CENTER,02907@mailinator.com,2907,2907,250000,BACOLOD,KABANKALAN CITY,REGULAR,2-Jan-20
2257,NTMC,C02817,NEGROS PIONEER ENTERPRISE INC.,02964@mailinator.com,2964,2964,300000,BACOLOD,BACOLOD CITY,REGULAR,2-Jan-20
2258,NTMC,C02821,NEW ENERGY MKTG. CORP./ NEMCOR,02997@mailinator.com,2997,2997,450000,BACOLOD,BACOLOD CITY,REGULAR,2-Jan-20
2259,NTMC,C02827,NORTH EAST CYCLE PARTS,03057@mailinator.com,3057,3057,45000,BACOLOD,SAGAY CITY,REGULAR,2-Jan-20
2260,NTMC,C02833,NTS TIRE SUPPLY,03082@mailinator.com,3082,3082,150000,BACOLOD,BACOLOD CITY,REGULAR,2-Jan-20
2261,NTMC,C02737,JOEMAR TIRE & OIL CENTER,02161@mailinator.com,2161,2161,2000000,BACOLOD,BACOLOD CITY,REGULAR,2-Jan-20
2262,NTMC,C02698,GENUINE MERCANTILE,01569@mailinator.com,1569,1569,250000,BACOLOD,BACOLOD CITY,REGULAR,2-Jan-20
2263,NTMC,C02701,GLOBAL TIREHAUS,01612@mailinator.com,1612,1612,300000,BACOLOD,BACOLOD CITY,REGULAR,2-Jan-20
2264,NTMC,C02703,GOLDLINE COMMERCIAL,01647@mailinator.com,1647,1647,0,BACOLOD,SIPALAY CITY,-,2-Jan-20
2265,NTMC,C02710,HARUMI MOTOR PARTS,01723@mailinator.com,1723,1723,50000,BACOLOD,SAN CARLOS,REGULAR,2-Jan-20
2266,NTMC,C02712B,NEGROS TYRE TECH & BATTERY SERVICES,02965@mailinator.com,2965,2965,0,BACOLOD,BACOLOD CITY,REGULAR,2-Jan-20
2267,NTMC,C02712A,"TYRE TECH SALES & AUTOCARE, INC.",04300@mailinator.com,4300,4300,100000,BACOLOD,BACOLOD CITY,REGULAR,2-Jan-20
2268,NTMC,C02712,NEGROS HIGHWAY TIRE SUPPLY,02963@mailinator.com,2963,2963,200000,BACOLOD,BACOLOD CITY,REGULAR,2-Jan-20
2269,NTMC,C02712C,HIGHWAY TIRE SERVICE CENTER,01758@mailinator.com,1758,1758,200000,BACOLOD,BACOLOD CITY,REGULAR,2-Jan-20
2270,NTMC,C02714,HJ PARTS CENTER,01772@mailinator.com,1772,1772,200000,BACOLOD,KABANKALAN CITY,REGULAR,2-Jan-20
2271,NTMC,C02726,JEAN ANNE MINI ENTERPRISE,02039@mailinator.com,2039,2039,10000,BACOLOD,TAYABAS,REGULAR,2-Jan-20
2272,NTMC,C02728,JFW ENTERPRISES,02083@mailinator.com,2083,2083,30000,BACOLOD,ISABELA,REGULAR,2-Jan-20
2273,NTMC,C02626,B.A ORIENTAL TIRE SUPPLY,00450@mailinator.com,450,450,230000,BACOLOD,BACOLOD CITY,REGULAR,2-Jan-20
2274,NTMC,C02628A,DJM AGRI VENTURES INC.,01097@mailinator.com,1097,1097,200000,BACOLOD,BACOLOD CITY,REGULAR,2-Jan-20
2275,NTMC,C02629,BACOLOD MARJESIE TRADING,00463@mailinator.com,463,463,50000,BACOLOD,BACOLOD CITY,REGULAR,2-Jan-20
2276,NTMC,C02653,CLARENCE SANTIBA?EZ,00858@mailinator.com,858,858,0,BACOLOD,BACOLOD CITY,-,2-Jan-20
2277,NTMC,C02655,CORDOVA,00908@mailinator.com,908,908,0,BACOLOD,BAGO CITY,-,2-Jan-20
2278,NTMC,C02659A,DLV TWINS ENTERPRISES,01103@mailinator.com,1103,1103,100000,BACOLOD,SIPALAY CITY,-,2-Jan-20
2279,NTMC,C02663,DEMAN TRADING,01044@mailinator.com,1044,1044,20000,BACOLOD,BACOLOD CITY,REGULAR,2-Jan-20
2280,NTMC,C02666,DJM GEN. MDSG.,01099@mailinator.com,1099,1099,50000,BACOLOD,SIPALAY CITY,-,2-Jan-20
2281,NTMC,C02691,FRANCIS OJANOLA,01470@mailinator.com,1470,1470,0,BACOLOD,LA CARLOTA CITY,-,2-Jan-20
2282,NTMC,C02697,GENDIESEL PHILIPPINES INC.,01556@mailinator.com,1556,1556,50000,BACOLOD,BACOLOD CITY,REGULAR,2-Jan-20
2283,NTMC,C02672,ECTAN ENTERPRISES,01200@mailinator.com,1200,1200,800000,BACOLOD,BACOLOD CITY,REGULAR,2-Jan-20
2284,NTMC,C02546,WALK IN - MANILA,04413@mailinator.com,4413,4413,50000,MANILA,MANILA,-,2-Jan-20
2285,NTMC,C02565,"MARCELA FARMS, INC.",02637@mailinator.com,2637,2637,500000,BOHOL,TAGBILARAN CITY,GOLD,2-Jan-20
2286,NTMC,C02592,MABINAY HARDWARE / ABRIO COMMERCIAL,02571@mailinator.com,2571,2571,0,DUMAGUETE,DUMAGUETE CITY,REGULAR,2-Jan-20
2287,NTMC,C02597,AGAPE PARTS SALES,00159@mailinator.com,159,159,45000,BACOLOD,CADIZ CITY,REGULAR,2-Jan-20
2288,NTMC,C02601,CONSO MOTORCYCLE PARTS CORP.,00903@mailinator.com,903,903,250000,BACOLOD,BACOLOD CITY,-,2-Jan-20
2289,NTMC,C02605,ALFONSO CU,00221@mailinator.com,221,221,280000,BACOLOD,BACOLOD CITY,REGULAR,2-Jan-20
2290,NTMC,C02614,ANGCAR PARTS,00295@mailinator.com,295,295,30000,BACOLOD,BACOLOD CITY,REGULAR,2-Jan-20
2291,NTMC,C02623,AUGUIS CYCLE PARTS,00413@mailinator.com,413,413,0,BACOLOD,LA CARLOTA CITY,REGULAR,2-Jan-20
2292,NTMC,C02488,TIRONA TIRE TRADING,04193@mailinator.com,4193,4193,2500000,MANILA,CAVITE,REGULAR,2-Jan-20
2293,NTMC,C02565A,BOHOL AGRO-MARINE DEV'T CORPORATION,00587@mailinator.com,587,587,0,BOHOL,TAGBILARAN CITY,GOLD,2-Jan-20
2294,NTMC,C02476,SJF GENERAL MDSE,03922@mailinator.com,3922,3922,1500000,MANILA,CAMARINES NORTE,REGULAR,2-Jan-20
2295,NTMC,C02550,LBH TUNE SHOP & CAR ACCESSORIES,02453@mailinator.com,2453,2453,3500000,MANILA,QUEZON PROVINCE,REGULAR,2-Jan-20
2296,NTMC,C02300C,"EM TIRE PLUS, INC.",01268@mailinator.com,1268,1268,1000000,MANILA,MUNTINLUPA,REGULAR,2-Jan-20
2297,NTMC,C02313,ST. MARK TBA TIRE CENTER,04007@mailinator.com,4007,4007,400000,MANILA,MUNTINLUPA,-,2-Jan-20
2298,NTMC,C02344,NOSOL TIRE SUPPLY,03070@mailinator.com,3070,3070,0,MANILA,CAMARINES SUR,REGULAR,2-Jan-20
2299,NTMC,C02374,PHILIPPINE ALUMINUM WHEELS INC.,03244@mailinator.com,3244,3244,0,MANILA,PARANAQUE,REGULAR,2-Jan-20
2300,NTMC,C02406,INFINITE GLORY TRADING AND SERVICES,01848@mailinator.com,1848,1848,1500000,MANILA,LAGUNA,REGULAR,2-Jan-20
2301,NTMC,C02431,RJV AUTO SUPPLY,03593@mailinator.com,3593,3593,200000,MANILA,ALBAY,REGULAR,2-Jan-20
2302,NTMC,C02448,RRJ TYREJAOS & TRADING CORP.,03724@mailinator.com,3724,3724,1000000,MANILA,QUEZON PROVINCE,REGULAR,2-Jan-20
2303,NTMC,C02300D,ESE MINERVA TIRE DEPOT INCORPORATED,01314@mailinator.com,1314,1314,7000000,MANILA,LAGUNA,REGULAR,2-Jan-20
2304,NTMC,C02320,NATIVIDAD TIRE SUPPLY AND ENTERPRISES,02944@mailinator.com,2944,2944,500000,MANILA,LAGUNA,REGULAR,2-Jan-20
2305,NTMC,C02327,MILLENIUM TIRE CHECK CENTER,02799@mailinator.com,2799,2799,3000000,MANILA,QUEZON PROVINCE,NOT AVAILABLE,2-Jan-20
2306,NTMC,C02439,ROADSTAR ENTERPRISES,03626@mailinator.com,3626,3626,5000000,MANILA,MAKATI,REGULAR,2-Jan-20
2307,NTMC,C02195,JOMAC'S TRADING,02192@mailinator.com,2192,2192,800000,MANILA,LAGUNA,REGULAR,2-Jan-20
2308,NTMC,C02040,JAY-M TIRE SUPPLY,02005@mailinator.com,2005,2005,600000,MANILA,PARANAQUE,-,2-Jan-20
2309,NTMC,C02090,F1 WINNER CORPORATION,01367@mailinator.com,1367,1367,-,MANILA,LAGUNA,-,2-Jan-20
2310,NTMC,C02149,IRIGA JOE HARDWARE,01877@mailinator.com,1877,1877,0,MANILA,ALBAY,-,2-Jan-20
2311,NTMC,C02233,J.L. TIRE & AUTO SUPPLY,01931@mailinator.com,1931,1931,0,MANILA,BATANGAS,-,2-Jan-20
2312,NTMC,C02233A,LF TIRE AND VULCANIZING SHOP,02481@mailinator.com,2481,2481,1000000,MANILA,BATANGAS,-,2-Jan-20
2313,NTMC,C02203,JRB CALIBRATION CENTER AND GEN. MDSE.,02243@mailinator.com,2243,2243,2000000,MANILA,ALBAY,REGULAR,2-Jan-20
2314,NTMC,C02300,MINERVA SALES CORPORATION,02806@mailinator.com,2806,2806,2000000,MANILA,LAGUNA,REGULAR,2-Jan-20
2315,NTMC,C02200,JOVEN TIRE ENTERPRISE INC.,02229@mailinator.com,2229,2229,700000,MANILA,CAVITE,REGULAR,2-Jan-20
2316,NTMC,C02300B,"MINERVA TIRE PLUS, INC.",02807@mailinator.com,2807,2807,1000000,MANILA,MUNTINLUPA,REGULAR,2-Jan-20
2317,NTMC,C02300A,"MSE MINERVA TIRE HAUS, INC.",02899@mailinator.com,2899,2899,7000000,MANILA,LAGUNA,REGULAR,2-Jan-20
2318,NTMC,C01856,SANTIAGO SHIPYARD AND SHIPBUILDING CORPORATION,03831@mailinator.com,3831,3831,300000,CEBU,CEBU NORTH,REGULAR,2-Jan-20
2319,NTMC,C01857,ALB TRUCKING,00205@mailinator.com,205,205,200000,CEBU,CEBU CITY,REGULAR,2-Jan-20
2320,NTMC,C01877,CHIOSON DEVELOPMENT CORPORATION,008141@mailinator.com,814,814,1000000,CEBU,MANDAUE CITY,REGULAR,2-Jan-20
2321,NTMC,C01878,METRO CEBU WATER DISTRICT,02757@mailinator.com,2757,2757,200000,CEBU,CEBU CITY,-,2-Jan-20
2322,NTMC,C01879,BQ - BOHOL QUALITY,00617@mailinator.com,617,617,550000,BOHOL,TAGBILARAN CITY,BRONZE,2-Jan-20
2323,NTMC,C01895,086 TIRE CORPORATION,000021@mailinator.com,2,2,500000,MANILA,LAGUNA,REGULAR,2-Jan-20
2324,NTMC,C01957A,CRM TIRE TRADING,00929@mailinator.com,929,929,0,MANILA,LAGUNA,REGULAR,2-Jan-20
2325,NTMC,C01959,BALZAIN AUTO SUPPLY,00474@mailinator.com,474,474,500000,MANILA,SAN NICOLAS,REGULAR,2-Jan-20
2326,NTMC,C01940,APOLEGA TIRE & SERVICE CENTER,00323@mailinator.com,323,323,1000000,MANILA,LAGUNA,REGULAR,2-Jan-20
2327,NTMC,C01960,BANADOS AUTO KALIKOT & GENERAL MERCHANDISE CORP.,00475@mailinator.com,475,475,2000000,MANILA,MAKATI,REGULAR,2-Jan-20
2328,NTMC,C01957,BALIBAGO TIRE CENTER,00472@mailinator.com,472,472,600000,MANILA,LAGUNA,REGULAR,2-Jan-20
2329,NTMC,C01913,ACHIEVERS SALES CORPORATION,00123@mailinator.com,123,123,50000,MANILA,MANDALUYONG,REGULAR,2-Jan-20
2330,NTMC,C01826,ISUZU CEBU INC. - BOHOL,01889@mailinator.com,1889,1889,300000,BOHOL,TAGBILARAN CITY,REGULAR,2-Jan-20
2331,NTMC,C01833,SYMBOL ARTS PHILS. INC.,04085@mailinator.com,4085,4085,100000,CEBU,LAPULAPU CITY,REGULAR,2-Jan-20
2332,NTMC,C01840B,CEBU GRAND MEADOWS REALTY CORPORATION,00742@mailinator.com,742,742,0,CEBU,CEBU CITY,-,2-Jan-20
2333,NTMC,C01841,FAST DISTRIBUTION CORPORATION,01380@mailinator.com,1380,1380,34000,BOHOL,TAGBILARAN CITY,-,2-Jan-20
2334,NTMC,C01846,RUBEL MOTOR PARTS,03737@mailinator.com,3737,3737,1500000,CEBU,CEBU CITY,REGULAR,2-Jan-20
2335,NTMC,C01849,TOMORROW'S PLASTIC INDUSTRIES INCORPORATED,04209@mailinator.com,4209,4209,100000,CEBU,MANDAUE CITY,REGULAR,2-Jan-20
2336,NTMC,C01851,CEBU IWAKAMI CORPORATION,007471@mailinator.com,747,747,300000,CEBU,LAPULAPU CITY,REGULAR,2-Jan-20
2337,NTMC,C01852,JY HARDWARE,02297@mailinator.com,2297,2297,30000,BOHOL,TAGBILARAN CITY,REGULAR,2-Jan-20
2338,NTMC,C01840A,"NEOVIA PHILIPPINES, INC.",02973@mailinator.com,2973,2973,500000,CEBU,CEBU CITY,-,2-Jan-20
2339,NTMC,C01850A,LA PRUEBA CONSTRUCTION,02420@mailinator.com,2420,2420,0,CEBU,CEBU CITY,REGULAR,2-Jan-20
2340,NTMC,C01850,WTG CONSTRUCTION & DEV'T CORP.,04483@mailinator.com,4483,4483,2000000,CEBU,CEBU CITY,REGULAR,2-Jan-20
2341,NTMC,C01425,RUTH DATOY,03747@mailinator.com,3747,3747,50000,BOHOL,TAGBILARAN CITY,-,2-Jan-20
2342,NTMC,C01432,TABEL ENTERPRISES,04095@mailinator.com,4095,4095,500000,BOHOL,TAGBILARAN CITY,REGULAR,2-Jan-20
2343,NTMC,C01447,UY KUN CHING,04336@mailinator.com,4336,4336,100000,BOHOL,TAGBILARAN CITY,-,2-Jan-20
2344,NTMC,C01463,YS CONSTRUCTION,04523@mailinator.com,4523,4523,200000,BOHOL,TAGBILARAN CITY,SILVER,2-Jan-20
2345,NTMC,C01792,SAN JOSE MOTOR PARTS,03810@mailinator.com,3810,3810,300000,BOHOL,TAGBILARAN CITY,SILVER,2-Jan-20
2346,NTMC,C01797,MEDEL HARDWARE & MOTOR PARTS,02720@mailinator.com,2720,2720,30000,BOHOL,TAGBILARAN CITY,REGULAR,2-Jan-20
2347,NTMC,C01798,CLAVITE ENTERPRISES & CONST. SUPPLY,00863@mailinator.com,863,863,50000,BOHOL,TAGBILARAN CITY,REGULAR,2-Jan-20
2348,NTMC,C01799,JANNAEUS CYCLE CENTER,01975@mailinator.com,1975,1975,80000,BOHOL,TAGBILARAN CITY,REGULAR,2-Jan-20
2349,NTMC,C01802,SAVER'S AUTO SUPPLY,03840@mailinator.com,3840,3840,100000,CEBU,CEBU CITY,REGULAR,2-Jan-20
2350,NTMC,C01817,BACK TO BACK MC PARTS,00459@mailinator.com,459,459,65000,CEBU,MANDAUE CITY,REGULAR,2-Jan-20
2351,NTMC,C01823,IHRAN ENTERPRISES & AUTO SUPPLY,01819@mailinator.com,1819,1819,475000,CEBU,MANDAUE CITY,REGULAR,2-Jan-20
2352,NTMC,C01322,EGRENT,01232@mailinator.com,1232,1232,10000,BOHOL,TAGBILARAN CITY,-,2-Jan-20
2353,NTMC,C01335,CRG MOTOR PARTS,00920@mailinator.com,920,920,30000,BOHOL,TAGBILARAN CITY,REGULAR,2-Jan-20
2354,NTMC,C01344,HEAVEN'S AUTO SALES,01735@mailinator.com,1735,1735,350000,BOHOL,TAGBILARAN CITY,REGULAR,2-Jan-20
2355,NTMC,C01347,JAMAREY TRADING / JUDITH FUENTES,01959@mailinator.com,1959,1959,75000,BOHOL,TAGBILARAN CITY,-,2-Jan-20
2356,NTMC,C01365,KCJ & DNB MOTOR PARTS & BICYCLE SUPPLY,02325@mailinator.com,2325,2325,60000,BOHOL,TAGBILARAN CITY,REGULAR,2-Jan-20
2357,NTMC,C01386,MC "S" CENTER,02704@mailinator.com,2704,2704,100000,BOHOL,TAGBILARAN CITY,BRONZE,2-Jan-20
2358,NTMC,C01407,PENGAVITOR ENTERPRISES,03216@mailinator.com,3216,3216,20000,BOHOL,TAGBILARAN CITY,REGULAR,2-Jan-20
2359,NTMC,C01404A,ROBINSON TE CONST. SUPPLY,03637@mailinator.com,3637,3637,0,BOHOL,TAGBILARAN CITY,REGULAR,2-Jan-20
2360,NTMC,C01363,JR. LIM,02242@mailinator.com,2242,2242,0,BOHOL,TAGBILARAN CITY,-,2-Jan-20
2361,NTMC,C01404,"P.T. BOHOL CONSTRUCTION, TRADING AND REALTY DEVELOPMENT CORP",03156@mailinator.com,3156,3156,300000,BOHOL,TAGBILARAN CITY,SILVER,2-Jan-20
2362,NTMC,C01327,ELS SPARE PARTS SUPPLY,01263@mailinator.com,1263,1263,600000,BOHOL,TAGBILARAN CITY,BRONZE,2-Jan-20
2363,NTMC,C01230,WELLISA FARMS CORPORATION,044371@mailinator.com,4437,4437,1000000,CEBU,CEBU CITY,REGULAR,2-Jan-20
2364,NTMC,C01230A,ISLA DE BANTAYAN SHIPPING CORPORATION,01887@mailinator.com,1887,1887,0,CEBU,BOGO CITY,REGULAR,2-Jan-20
2365,NTMC,C01233,HANS MARKETING CORPORATION,01714@mailinator.com,1714,1714,300000,CEBU,MANDAUE CITY,REGULAR,2-Jan-20
2366,NTMC,C01255,AH SHOPPERS' MART INCORPORATED,itsupport@mailnator.com,84,84,250000,BOHOL,TAGBILARAN CITY,REGULAR,2-Jan-20
2367,NTMC,C01261,ALTURAS HARDWARE,00258@mailinator.com,258,258,970000,BOHOL,TAGBILARAN CITY,BRONZE,2-Jan-20
2368,NTMC,C01269,SBJ HARDWARE AND CONSTRUCTION SUPPLIES,03846@mailinator.com,3846,3846,5000,BOHOL,TAGBILARAN CITY,REGULAR,2-Jan-20
2369,NTMC,C01274,BGY ENTERPRISES,00537@mailinator.com,537,537,500000,BOHOL,TAGBILARAN CITY,SILVER,2-Jan-20
2370,NTMC,C01276,BNYU AUTO SUPPLY INC.,00581@mailinator.com,581,581,1000000,BOHOL,TAGBILARAN CITY,GOLD,2-Jan-20
2371,NTMC,C01276A,BNYU ENTERPRISES,00582@mailinator.com,582,582,0,BOHOL,TAGBILARAN CITY,GOLD,2-Jan-20
2372,NTMC,C01278,BOHOL AUTO TECH,00588@mailinator.com,588,588,1500000,BOHOL,TAGBILARAN CITY,GOLD,2-Jan-20
2373,NTMC,C01309,DES STRONG MOTORS,01065@mailinator.com,1065,1065,270000,BOHOL,TAGBILARAN CITY,REGULAR,2-Jan-20
2374,NTMC,C01299,CG&J CYCLE PARTS,00793@mailinator.com,793,793,1000000,BOHOL,TAGBILARAN CITY,GOLD,2-Jan-20
2375,NTMC,C01146,TAIHEIYO CEMENT PHIL. INC.,taiheyo@mailnator.com,4103,4103,5000000,CEBU,SAN FERNANDO,REGULAR,2-Jan-20
2376,NTMC,C01150,TAMIYA PHILIPPINES INC.,04111@mailinator.com,4111,4111,300000,CEBU,LAPULAPU CITY,REGULAR,2-Jan-20
2377,NTMC,C01162,TENNESSEE FEEDMILL INC.,04145@mailinator.com,4145,4145,300000,CEBU,CEBU CITY,REGULAR,2-Jan-20
2378,NTMC,C01177,TRANS-MASTER ENTERPRISES & SERVICE SHOP,04245@mailinator.com,4245,4245,300000,CEBU,BOGO CITY,REGULAR,2-Jan-20
2379,NTMC,C01180,TRI-J MARKETING INC.,042661@mailinator.com,4266,4266,3500000,CEBU,CEBU CITY,REGULAR,2-Jan-20
2380,NTMC,C01198,MIASCOR GROUNDHANDLING CORPORATION,02778@mailinator.com,2778,2778,200000,CEBU,LAPULAPU CITY,REGULAR,2-Jan-20
2381,NTMC,C01198A,MIASCOR GROUNDHANDLING CORPORATION,02779@mailinator.com,2779,2779,500000,MANILA,PASAY,-,2-Jan-20
2382,NTMC,C01221,VYV'S GEN. MDSE.,04411@mailinator.com,4411,4411,5000,CEBU,CEBU CITY,REGULAR,2-Jan-20
2383,NTMC,C01184,TSUNEISHI HEAVY INDUSTRIES (CEBU) INC.,04287@mailinator.com,4287,4287,3500000,CEBU,SAN TOMAS,REGULAR,2-Jan-20
2384,NTMC,C01137,"SUNPRIDE FOODS, INC.",04060@mailinator.com,4060,4060,1000000,CEBU,MANDAUE CITY,REGULAR,2-Jan-20
2385,NTMC,C01019,ROADSTAR TRADE SALES CORP.,03627@mailinator.com,3627,3627,3500000,CEBU,CEBU CITY,REGULAR,2-Jan-20
2386,NTMC,C01031,ADRIAN ROM ENTERPRISES,00148@mailinator.com,148,148,50000,CEBU,CEBU CITY,REGULAR,2-Jan-20
2387,NTMC,C01039,ROSARIO TAXI,03690@mailinator.com,3690,3690,0,CEBU,CEBU CITY,REGULAR,2-Jan-20
2388,NTMC,C01044,ROSE AQUARIUS MDSG.,03692@mailinator.com,3692,3692,2500000,CEBU,MANDAUE CITY,REGULAR,2-Jan-20
2389,NTMC,C01076,SAN MIGUEL BREWERY INC. - CEBU,03816@mailinator.com,3816,3816,1000000,CEBU,MANDAUE CITY,REGULAR,2-Jan-20
2390,NTMC,C01107,SKYLARK COMPANY INC.,03929@mailinator.com,3929,3929,0,CEBU,MANDAUE CITY,REGULAR,2-Jan-20
2391,NTMC,C01124,"SPEEDMASTER MKTG., INC.",03992@mailinator.com,3992,3992,950000,CEBU,CEBU CITY,REGULAR,2-Jan-20
2392,NTMC,C01126B,SCORPION TAXI,03851@mailinator.com,3851,3851,0,CEBU,CEBU CITY,REGULAR,2-Jan-20
2393,NTMC,C01135,SUB-SEE PHILS. INC.,04047@mailinator.com,4047,4047,1000000,CEBU,LAPULAPU CITY,REGULAR,2-Jan-20
2394,NTMC,C01126A,AIRLAND TAXI CORPORATION,00184@mailinator.com,184,184,600000,CEBU,CEBU CITY,REGULAR,2-Jan-20
2395,NTMC,C01017,RMO MOTORCYCLE ACCESORIES & PARTS SHOPPE,03613@mailinator.com,3613,3613,150000,CEBU,MANDAUE CITY,REGULAR,2-Jan-20
2396,NTMC,C00939,PENTAX CEBU PHILIPPINES CORPORATION,03218@mailinator.com,3218,3218,200000,CEBU,LAPULAPU CITY,REGULAR,2-Jan-20
2397,NTMC,C00943,PG FORWARDING SERVICES,03230@mailinator.com,3230,3230,180000,CEBU,MANDAUE CITY,REGULAR,2-Jan-20
2398,NTMC,C00946,"PHILIPPINE SPRING WATER RESOURCES, INC.",03253@mailinator.com,3253,3253,2500000,CEBU,MANDAUE CITY,REGULAR,2-Jan-20
2399,NTMC,C00946A,"PHILIPPINE SPRING WATER RESOURCES, INC.",03254@mailinator.com,3254,3254,0,MANILA,BULACAN,REGULAR,2-Jan-20
2400,NTMC,C00947,PHILIPPINE IINO CORP.,03247@mailinator.com,3247,3247,300000,CEBU,LAPULAPU CITY,REGULAR,2-Jan-20
2401,NTMC,C00948,PHILIPPINE MAKOTO CORP.,03249@mailinator.com,3249,3249,200000,CEBU,LAPULAPU CITY,REGULAR,2-Jan-20
2402,NTMC,C00949,PHIL. RIGID CONSTRUCTION CORP.,03239@mailinator.com,3239,3239,500000,CEBU,CEBU CITY,REGULAR,2-Jan-20
2403,NTMC,C00964,PRIMARY STRUCTURES CORP,03337@mailinator.com,3337,3337,150000,CEBU,CEBU CITY,REGULAR,2-Jan-20
2404,NTMC,C00964A,AAC LIGHTWEIGHT BLOCK CORPORATION,00097@mailinator.com,97,97,250000,CEBU,CEBU CITY,REGULAR,2-Jan-20
2405,NTMC,C00973,R&F AUTO SUPPLY,03388@mailinator.com,3388,3388,400000,CEBU,TALISAY CITY,REGULAR,2-Jan-20
2406,NTMC,C00975,RAMAX ENTERPRISES,03433@mailinator.com,3433,3433,30000,CEBU,CEBU CITY,REGULAR,2-Jan-20
2407,NTMC,C00993,RENE MKTG. - CEBU,03507@mailinator.com,3507,3507,3000000,CEBU,MANDAUE CITY,REGULAR,2-Jan-20
2408,NTMC,C00814,MEPZ MIXED GASES CORPORATION,02743@mailinator.com,2743,2743,500000,CEBU,LAPULAPU CITY,REGULAR,2-Jan-20
2409,NTMC,C00836,MILLENNIUM CARWASH & SERVICE CENTER,02801@mailinator.com,2801,2801,200000,CEBU,CEBU CITY,REGULAR,2-Jan-20
2410,NTMC,C00838,FAST AUTOWORLD MOTORS CEBU CORP.,01379@mailinator.com,1379,1379,500000,CEBU,MANDAUE CITY,REGULAR,2-Jan-20
2411,NTMC,C00850,MPC TRADING,02892@mailinator.com,2892,2892,50000,CEBU,CEBU CITY,REGULAR,2-Jan-20
2412,NTMC,C00852,MSM PHILIPPINES MFG. INC.,02901@mailinator.com,2901,2901,200000,CEBU,LAPULAPU CITY,REGULAR,2-Jan-20
2413,NTMC,C00868,NEMONT TRADING,02970@mailinator.com,2970,2970,50000,CEBU,CEBU CITY,REGULAR,2-Jan-20
2414,NTMC,C00872,NESSIE,02976@mailinator.com,2976,2976,0,CEBU,CEBU CITY,-,2-Jan-20
2415,NTMC,C00888,NKC MANUFACTURING PHILIPPINES CORP.,03041@mailinator.com,3041,3041,500000,CEBU,LAPULAPU CITY,REGULAR,2-Jan-20
2416,NTMC,C00921,OMKI SYSTEM & FLUID POWER TRADING,03113@mailinator.com,3113,3113,20000,CEBU,CEBU CITY,REGULAR,2-Jan-20
2417,NTMC,C00928,"CONCEPCION-OTIS PHILIPPINES, INC.",00899@mailinator.com,899,899,500000,CEBU,LAPULAPU CITY,REGULAR,2-Jan-20
2418,NTMC,C00934,PARADIGM DIVERSIFIED,03184@mailinator.com,3184,3184,0,CEBU,MANDAUE CITY,-,2-Jan-20
2419,NTMC,C00645,JUNIDA MARINES SERVICES*,02280@mailinator.com,2280,2280,500000,CEBU,BOGO CITY,REGULAR,2-Jan-20
2420,NTMC,C00657,KAFFEE ALDE,02307@mailinator.com,2307,2307,20000,CEBU,CEBU CITY,REGULAR,2-Jan-20
2421,NTMC,C00658,KAGUDOY GAS CENTER & MOTOR PARTS,02308@mailinator.com,2308,2308,100000,CEBU,CEBU CITY,REGULAR,2-Jan-20
2422,NTMC,C00668,KINGMARK ENT PHIL INC,02361@mailinator.com,2361,2361,200000,CEBU,MANDAUE CITY,REGULAR,2-Jan-20
2423,NTMC,C00680,MCKUPLER INC.,02712@mailinator.com,2712,2712,-,CEBU,CEBU CITY,-,2-Jan-20
2424,NTMC,C00680A,MCKUPLER INC.,02713@mailinator.com,2713,2713,0,MANILA,TAGUIG,REGULAR,2-Jan-20
2425,NTMC,C00765,CHAIRMAKERS INC.,00794@mailinator.com,794,794,200000,CEBU,MANDAUE CITY,REGULAR,2-Jan-20
2426,NTMC,C00768,MANDAUE TRI-STAR,02619@mailinator.com,2619,2619,15000,CEBU,MANDAUE CITY,REGULAR,2-Jan-20
2427,NTMC,C00793,MATIMCO INCORPORATED,02683@mailinator.com,2683,2683,200000,CEBU,MANDAUE CITY,REGULAR,2-Jan-20
2428,NTMC,C00803,MEGA TAXI,02725@mailinator.com,2725,2725,0,CEBU,CEBU CITY,REGULAR,2-Jan-20
2429,NTMC,C00763,MANDAUE ATLAS STEEL FABRICATION CORPORATION,02615@mailinator.com,2615,2615,50000,CEBU,MANDAUE CITY,REGULAR,2-Jan-20
2430,NTMC,C00490,GINEBRA SAN MIGUEL INC.,01593@mailinator.com,1593,1593,500000,CEBU,MANDAUE CITY,REGULAR,2-Jan-20
2431,NTMC,C00494,GNM PRINTING HOUSE,01621@mailinator.com,1621,1621,20000,CEBU,MANDAUE CITY,REGULAR,2-Jan-20
2432,NTMC,C00501,GRAMERCY FORCE INT'L.,01666@mailinator.com,1666,1666,10000,CEBU,CEBU NORTH,-,2-Jan-20
2433,NTMC,C00519,CEBU HILTON MOTOR SALES CORPORATION,00743@mailinator.com,743,743,303000,CEBU,MANDAUE CITY,REGULAR,2-Jan-20
2434,NTMC,C00522,HO TONG HARDWARE,01776@mailinator.com,1776,1776,300000,CEBU,CEBU CITY,REGULAR,2-Jan-20
2435,NTMC,C00534,IMON CHEMICAL DEV. CORP.,01834@mailinator.com,1834,1834,1000000,CEBU,MANDAUE CITY,REGULAR,2-Jan-20
2436,NTMC,C00543,IRISH MOTOR PARTS,01878@mailinator.com,1878,1878,45000,CEBU,MANDAUE CITY,REGULAR,2-Jan-20
2437,NTMC,C00548,IZUMI MOTOR PARTS CORP.,01897@mailinator.com,1897,1897,100000,CEBU,MANDAUE CITY,REGULAR,2-Jan-20
2438,NTMC,C00589,JEFFREY ANG,02047@mailinator.com,2047,2047,0,CEBU,CEBU CITY,-,2-Jan-20
2439,NTMC,C00602,JIB INDUSTRIAL & AUTO PARTS,02099@mailinator.com,2099,2099,1000000,CEBU,CEBU CITY,REGULAR,2-Jan-20
2440,NTMC,C00602A,TECSONIC AUTO  CENTER INC,04137@mailinator.com,4137,4137,0,CEBU,CEBU CITY,REGULAR,2-Jan-20
2441,NTMC,C00611,JLR CONSTRUCTION & AGGREGATES INC.,02134@mailinator.com,2134,2134,0,CEBU,MANDAUE CITY,REGULAR,2-Jan-20
2442,NTMC,C00416,EVER CONSUMER SALES INC.,01332@mailinator.com,1332,1332,150000,CEBU,MANDAUE CITY,REGULAR,2-Jan-20
2443,NTMC,C00417,EVER DYNAMIC DISTRIBUTION NETWORK,01333@mailinator.com,1333,1333,250000,CEBU,MANDAUE CITY,REGULAR,2-Jan-20
2444,NTMC,C00418,EVERLINK DISTRIBUTION GROUP INC.,01339@mailinator.com,1339,1339,30000,CEBU,MANDAUE CITY,REGULAR,2-Jan-20
2445,NTMC,C00421,EXAS PHIL. INC.,01343@mailinator.com,1343,1343,500000,CEBU,LAPULAPU CITY,REGULAR,2-Jan-20
2446,NTMC,C00428,FAITHOPE INDUSTRIES INC.,01375@mailinator.com,1375,1375,50000,CEBU,MANDAUE CITY,REGULAR,2-Jan-20
2447,NTMC,C00434,FELIX LOBINO,01402@mailinator.com,1402,1402,0,CEBU,LAPULAPU CITY,-,2-Jan-20
2448,NTMC,C00439,FEP PRINTING CORPORATION,01406@mailinator.com,1406,1406,100000,CEBU,CEBU CITY,-,2-Jan-20
2449,NTMC,C00439A,FEP PRINTING CORPORATION,01407@mailinator.com,1407,1407,500000,MANILA,BI?N,REGULAR,2-Jan-20
2450,NTMC,C00446,FELJAVEN GENERAL MERCHANDISE,01423@mailinator.com,1423,1423,10000,CEBU,CEBU CITY,REGULAR,2-Jan-20
2451,NTMC,C00450,FIRST SURPLUS VISAYAN,01431@mailinator.com,1431,1431,65000,CEBU,MANDAUE CITY,REGULAR,2-Jan-20
2452,NTMC,C00475,GEMINI PARTS CENTER,01551@mailinator.com,1551,1551,100000,CEBU,CEBU CITY,REGULAR,2-Jan-20
2453,NTMC,C00241,CELS MARKETING,00775@mailinator.com,775,775,250000,CEBU,CEBU CITY,REGULAR,2-Jan-20
2454,NTMC,C00280,CONCRETE SOLUTION INC.,00901@mailinator.com,901,901,200000,CEBU,MANDAUE CITY,REGULAR,2-Jan-20
2455,NTMC,C00306,NEW DANAO SUPPLY CENTER CORP.,02995@mailinator.com,2995,2995,50000,CEBU,DANAO,REGULAR,2-Jan-20
2456,NTMC,C00322,DELIMA AUTO SUPPLY,01039@mailinator.com,1039,1039,500000,CEBU,CEBU CITY,REGULAR,2-Jan-20
2457,NTMC,C00324,DENMARK TAXI,01047@mailinator.com,1047,1047,25000,CEBU,CEBU CITY,REGULAR,2-Jan-20
2458,NTMC,C00329,DE PADUA A/S,01029@mailinator.com,1029,1029,50000,CEBU,CEBU CITY,REGULAR,2-Jan-20
2459,NTMC,C00361,EAST ASIA UTILITIES CORPORATION,01183@mailinator.com,1183,1183,1000000,CEBU,LAPULAPU CITY,-,2-Jan-20
2460,NTMC,C00375,EDTER AUTO PARTS & TIRE SUPPLY,01215@mailinator.com,1215,1215,600000,CEBU,NAGA,REGULAR,2-Jan-20
2461,NTMC,C00384,EJQ CORPORATION,01240@mailinator.com,1240,1240,500000,CEBU,MANDAUE CITY,REGULAR,2-Jan-20
2462,NTMC,C00401,EPE A/S,01302@mailinator.com,1302,1302,140000,CEBU,MANDAUE CITY,REGULAR,2-Jan-20
2463,NTMC,C00413,KAMELLE ENTERPRISES,02314@mailinator.com,2314,2314,150000,CEBU,MANDAUE CITY,REGULAR,2-Jan-20
2464,NTMC,C00400A,ENOMOTO PHILIPPINE MANUFACTURING INC.,01294@mailinator.com,1294,1294,500000,MANILA,SINILOAN,REGULAR,2-Jan-20
2465,NTMC,C00161,BOSS AUTOMOTIVE CARE CORPORATION,00608@mailinator.com,608,608,35000,CEBU,MANDAUE CITY,REGULAR,2-Jan-20
2466,NTMC,C00183,CADIZ STEEL CORPORATION,00665@mailinator.com,665,665,50000,CEBU,MANDAUE CITY,REGULAR,2-Jan-20
2467,NTMC,C00209,CEBU BELMONT INC.,00731@mailinator.com,731,731,500000,CEBU,CEBU CITY,REGULAR,2-Jan-20
2468,NTMC,C00217,"CEBU EVERGREEN INDUSTRIES, INC.-CEBU",00737@mailinator.com,737,737,100000,CEBU,MANDAUE CITY,REGULAR,2-Jan-20
2469,NTMC,C00220,CEBU GRAND INDUSTRIES CORPORATION,00741@mailinator.com,741,741,0,CEBU,MANDAUE CITY,-,2-Jan-20
2470,NTMC,C00233,CEBU TOYO,00760@mailinator.com,760,760,250000,CEBU,LAPULAPU CITY,REGULAR,2-Jan-20
2471,NTMC,C00234,CEBU ULTRA AUTOMEDIC INC.,00761@mailinator.com,761,761,80000,CEBU,CEBU CITY,REGULAR,2-Jan-20
2472,NTMC,C00235,CEBU VISMIN MARKETING CORP.,00764@mailinator.com,764,764,500000,CEBU,CEBU CITY,REGULAR,2-Jan-20
2473,NTMC,C00235A,NEW MANALILI VISMIN MOTOR PARTS,03008@mailinator.com,3008,3008,0,CEBU,CEBU CITY,REGULAR,2-Jan-20
2474,NTMC,C00225,CEBU MITSUMI INC.,00752@mailinator.com,752,752,100000,CEBU,DANAO,REGULAR,2-Jan-20
2475,NTMC,C00224,CEBU MASSIVE AUTO PARTS INC.,00750@mailinator.com,750,750,1000000,CEBU,CEBU CITY,REGULAR,2-Jan-20
2476,NTMC,C00013,A.D GOTHONG MANUFACTURING  CORP.,00078@mailinator.com,78,78,200000,CEBU,MANDAUE CITY,REGULAR,2-Jan-20
2477,NTMC,C00028,ACURA AUTO SUPPLY.,00135@mailinator.com,135,135,100000,CEBU,MANDAUE CITY,REGULAR,2-Jan-20
2478,NTMC,C00038,VITA GRAINS,04397@mailinator.com,4397,4397,20000,CEBU,CEBU CITY,-,2-Jan-20
2479,NTMC,C00051,AL JAP MKTG. MOTOR PARTS,00200@mailinator.com,200,200,25000,CEBU,MANDAUE CITY,REGULAR,2-Jan-20
2480,NTMC,C00066,AMJJ C/P,00276@mailinator.com,276,276,350000,CEBU,CEBU CITY,REGULAR,2-Jan-20
2481,NTMC,C00080,ANTHONY MENCHAVEZ,00310@mailinator.com,310,310,35000,CEBU,BANTAYAN ISLAND,-,2-Jan-20
2482,NTMC,C00082,APO CEMENT CORPORATION,00322@mailinator.com,322,322,2000000,CEBU,NAGA,REGULAR,2-Jan-20
2483,NTMC,C00097,ASIA GLASS,00385@mailinator.com,385,385,30000,CEBU,CEBU CITY,-,2-Jan-20
2484,NTMC,C00141,BIG BLUE LOGISTICS CORP.,00544@mailinator.com,544,544,200000,CEBU,MANDAUE CITY,REGULAR,2-Jan-20
2485,NTMC,C00006,315 AUTO PARTS SALES,00023@mailinator.com,23,23,2500000,CEBU,CEBU CITY,REGULAR,2-Jan-20
